events,run,cache,workload,sample,input_to_cpu_paint_ms,paint_ms,load_ms,peak_working_set_bytes,primitives
1000000,0,off,zoom,0,4.4609,4.3431,64.8986,92622848,14246
1000000,0,off,zoom,1,3.9397,3.8392,64.8986,92631040,14144
1000000,0,off,zoom,2,3.9039,3.8266,64.8986,92631040,14246
1000000,0,off,zoom,3,3.899,3.8231,64.8986,92631040,14144
1000000,0,off,zoom,4,3.9382,3.8585,64.8986,92631040,14246
1000000,0,off,zoom,5,3.9976,3.9186,64.8986,92631040,14144
1000000,0,off,zoom,6,4.22,4.1328,64.8986,92631040,14246
1000000,0,off,zoom,7,4.0573,3.9585,64.8986,92631040,14144
1000000,0,off,zoom,8,3.9347,3.8565,64.8986,92631040,14246
1000000,0,off,zoom,9,3.8413,3.7614,64.8986,92631040,14144
1000000,0,off,zoom,10,4.1989,4.133,64.8986,92631040,14246
1000000,0,off,zoom,11,3.9557,3.8858,64.8986,92631040,14144
1000000,0,off,zoom,12,3.6802,3.6105,64.8986,92631040,14246
1000000,0,off,zoom,13,3.7023,3.6387,64.8986,92631040,14144
1000000,0,off,zoom,14,3.9176,3.8511,64.8986,92631040,14246
1000000,0,off,zoom,15,3.7837,3.713,64.8986,92631040,14144
1000000,0,off,zoom,16,3.7494,3.6832,64.8986,92631040,14246
1000000,0,off,zoom,17,4.038,3.966,64.8986,92631040,14144
1000000,0,off,zoom,18,4.2034,4.099,64.8986,92631040,14246
1000000,0,off,zoom,19,4.6326,4.5389,64.8986,92631040,14144
1000000,0,off,zoom,20,3.9322,3.8513,64.8986,92631040,14246
1000000,0,off,zoom,21,3.9422,3.8699,64.8986,92631040,14144
1000000,0,off,zoom,22,3.9416,3.8578,64.8986,92631040,14246
1000000,0,off,zoom,23,5.5915,5.5084,64.8986,92631040,14144
1000000,0,off,zoom,24,4.3792,4.283,64.8986,92631040,14246
1000000,0,off,zoom,25,3.8971,3.8173,64.8986,92631040,14144
1000000,0,off,zoom,26,3.9619,3.8894,64.8986,92631040,14246
1000000,0,off,zoom,27,3.8623,3.7917,64.8986,92631040,14144
1000000,0,off,zoom,28,3.7767,3.706,64.8986,92631040,14246
1000000,0,off,zoom,29,5.4469,5.3598,64.8986,92631040,14144
1000000,0,off,zoom,30,4.4881,4.2796,64.8986,92631040,14246
1000000,0,off,zoom,31,4.263,4.1332,64.8986,92631040,14144
1000000,0,off,zoom,32,3.7582,3.6575,64.8986,92631040,14246
1000000,0,off,zoom,33,3.6956,3.6232,64.8986,92631040,14144
1000000,0,off,zoom,34,3.8838,3.8142,64.8986,92631040,14246
1000000,0,off,zoom,35,3.8618,3.7968,64.8986,92631040,14144
1000000,0,off,zoom,36,3.8632,3.7876,64.8986,92631040,14246
1000000,0,off,zoom,37,3.9339,3.8592,64.8986,92631040,14144
1000000,0,off,zoom,38,4.0214,3.9045,64.8986,92631040,14246
1000000,0,off,zoom,39,3.7729,3.7009,64.8986,92631040,14144
1000000,0,off,zoom,40,3.8735,3.8083,64.8986,92631040,14246
1000000,0,off,zoom,41,3.9043,3.8352,64.8986,92631040,14144
1000000,0,off,zoom,42,3.7568,3.6864,64.8986,92631040,14246
1000000,0,off,zoom,43,3.8315,3.7661,64.8986,92631040,14144
1000000,0,off,zoom,44,3.9426,3.8709,64.8986,92631040,14246
1000000,0,off,zoom,45,3.8109,3.73,64.8986,92631040,14144
1000000,0,off,zoom,46,4.0772,4.0039,64.8986,92631040,14246
1000000,0,off,zoom,47,3.9554,3.8767,64.8986,92631040,14144
1000000,0,off,zoom,48,4.2249,4.1424,64.8986,92631040,14246
1000000,0,off,zoom,49,3.9496,3.8579,64.8986,92631040,14144
1000000,0,off,zoom,50,3.9625,3.8928,64.8986,92631040,14246
1000000,0,off,zoom,51,3.8227,3.7515,64.8986,92631040,14144
1000000,0,off,zoom,52,3.879,3.8061,64.8986,92631040,14246
1000000,0,off,zoom,53,3.9491,3.878,64.8986,92631040,14144
1000000,0,off,zoom,54,3.802,3.7314,64.8986,92631040,14246
1000000,0,off,zoom,55,3.8821,3.8126,64.8986,92631040,14144
1000000,0,off,zoom,56,3.8846,3.8161,64.8986,92631040,14246
1000000,0,off,zoom,57,4.3403,4.2617,64.8986,92631040,14144
1000000,0,off,zoom,58,4.2015,4.102,64.8986,92631040,14246
1000000,0,off,zoom,59,3.9914,3.9067,64.8986,92631040,14144
1000000,0,off,zoom,60,3.8184,3.7471,64.8986,92631040,14246
1000000,0,off,zoom,61,3.8632,3.7944,64.8986,92631040,14144
1000000,0,off,zoom,62,3.9638,3.8968,64.8986,92631040,14246
1000000,0,off,zoom,63,3.8505,3.7817,64.8986,92631040,14144
1000000,0,off,zoom,64,3.8558,3.7863,64.8986,92631040,14246
1000000,0,off,zoom,65,3.9131,3.8455,64.8986,92631040,14144
1000000,0,off,zoom,66,3.872,3.803,64.8986,92631040,14246
1000000,0,off,zoom,67,3.9308,3.8561,64.8986,92631040,14144
1000000,0,off,zoom,68,3.8426,3.7713,64.8986,92631040,14246
1000000,0,off,zoom,69,4.1498,4.0771,64.8986,92631040,14144
1000000,0,off,zoom,70,4.2027,4.1215,64.8986,92631040,14246
1000000,0,off,zoom,71,4.1693,4.0937,64.8986,92631040,14144
1000000,0,off,zoom,72,3.9198,3.8417,64.8986,92631040,14246
1000000,0,off,zoom,73,4.4954,4.415,64.8986,92631040,14144
1000000,0,off,zoom,74,4.1813,4.0759,64.8986,92631040,14246
1000000,0,off,zoom,75,3.8564,3.7405,64.8986,92631040,14144
1000000,0,off,zoom,76,3.9404,3.8686,64.8986,92631040,14246
1000000,0,off,zoom,77,3.9062,3.8321,64.8986,92631040,14144
1000000,0,off,zoom,78,3.9045,3.8323,64.8986,92631040,14246
1000000,0,off,zoom,79,4.1766,4.0994,64.8986,92631040,14144
1000000,0,off,zoom,80,3.9955,3.9252,64.8986,92631040,14246
1000000,0,off,zoom,81,4.0221,3.9487,64.8986,92631040,14144
1000000,0,off,zoom,82,3.947,3.8759,64.8986,92631040,14246
1000000,0,off,zoom,83,3.9586,3.8841,64.8986,92631040,14144
1000000,0,off,zoom,84,3.973,3.8918,64.8986,92631040,14246
1000000,0,off,zoom,85,3.9037,3.8374,64.8986,92631040,14144
1000000,0,off,zoom,86,3.9461,3.8772,64.8986,92631040,14246
1000000,0,off,zoom,87,3.8957,3.812,64.8986,92631040,14144
1000000,0,off,zoom,88,3.8613,3.7934,64.8986,92631040,14246
1000000,0,off,zoom,89,3.8932,3.8089,64.8986,92631040,14144
1000000,0,off,zoom,90,3.8203,3.7512,64.8986,92631040,14246
1000000,0,off,zoom,91,3.7501,3.6827,64.8986,92631040,14144
1000000,0,off,zoom,92,3.7719,3.7086,64.8986,92631040,14246
1000000,0,off,zoom,93,3.7844,3.7172,64.8986,92631040,14144
1000000,0,off,zoom,94,3.7086,3.6429,64.8986,92631040,14246
1000000,0,off,zoom,95,3.7327,3.6619,64.8986,92631040,14144
1000000,0,off,zoom,96,3.768,3.705,64.8986,92631040,14246
1000000,0,off,zoom,97,4.2936,4.2227,64.8986,92631040,14144
1000000,0,off,zoom,98,3.7571,3.6744,64.8986,92631040,14246
1000000,0,off,zoom,99,3.7987,3.7298,64.8986,92631040,14144
1000000,0,off,zoom,100,3.7169,3.6497,64.8986,92631040,14246
1000000,0,off,zoom,101,3.814,3.7492,64.8986,92631040,14144
1000000,0,off,zoom,102,3.695,3.6288,64.8986,92631040,14246
1000000,0,off,zoom,103,3.8053,3.742,64.8986,92631040,14144
1000000,0,off,zoom,104,3.7545,3.6906,64.8986,92631040,14246
1000000,0,off,zoom,105,3.8274,3.7618,64.8986,92631040,14144
1000000,0,off,zoom,106,3.7016,3.6333,64.8986,92631040,14246
1000000,0,off,zoom,107,3.8067,3.7426,64.8986,92631040,14144
1000000,0,off,zoom,108,4.1353,4.0619,64.8986,92631040,14246
1000000,0,off,zoom,109,4.0085,3.9265,64.8986,92631040,14144
1000000,0,off,zoom,110,3.8664,3.7851,64.8986,92631040,14246
1000000,0,off,zoom,111,3.7753,3.7066,64.8986,92631040,14144
1000000,0,off,zoom,112,3.7713,3.699,64.8986,92631040,14246
1000000,0,off,zoom,113,3.9776,3.9086,64.8986,92631040,14144
1000000,0,off,zoom,114,3.8774,3.7998,64.8986,92631040,14246
1000000,0,off,zoom,115,3.8,3.7251,64.8986,92631040,14144
1000000,0,off,zoom,116,3.8184,3.7239,64.8986,92631040,14246
1000000,0,off,zoom,117,3.8824,3.8173,64.8986,92631040,14144
1000000,0,off,zoom,118,3.7249,3.6553,64.8986,92631040,14246
1000000,0,off,zoom,119,4.3066,4.2386,64.8986,92631040,14144
1000000,0,off,pan,0,3.7514,3.6812,64.8986,92631040,14246
1000000,0,off,pan,1,3.6275,3.5564,64.8986,92631040,14246
1000000,0,off,pan,2,3.6096,3.5458,64.8986,92631040,14246
1000000,0,off,pan,3,3.6169,3.5533,64.8986,92631040,14246
1000000,0,off,pan,4,3.674,3.6068,64.8986,92631040,14246
1000000,0,off,pan,5,3.7479,3.6749,64.8986,92631040,14246
1000000,0,off,pan,6,3.5502,3.4797,64.8986,92631040,14246
1000000,0,off,pan,7,3.7039,3.6354,64.8986,92631040,14246
1000000,0,off,pan,8,3.6417,3.5695,64.8986,92631040,14246
1000000,0,off,pan,9,3.6418,3.5715,64.8986,92631040,14246
1000000,0,off,pan,10,3.5483,3.4749,64.8986,92631040,14246
1000000,0,off,pan,11,3.6304,3.5655,64.8986,92631040,14246
1000000,0,off,pan,12,3.524,3.4575,64.8986,92631040,14246
1000000,0,off,pan,13,3.7631,3.6964,64.8986,92631040,14246
1000000,0,off,pan,14,3.4887,3.4206,64.8986,92631040,14246
1000000,0,off,pan,15,3.533,3.4684,64.8986,92631040,14246
1000000,0,off,pan,16,3.6868,3.6171,64.8986,92631040,14246
1000000,0,off,pan,17,3.7944,3.7259,64.8986,92631040,14246
1000000,0,off,pan,18,3.7305,3.6572,64.8986,92631040,14246
1000000,0,off,pan,19,3.9557,3.8616,64.8986,92631040,14246
1000000,0,off,pan,20,4.2181,4.1329,64.8986,92631040,14246
1000000,0,off,pan,21,3.9997,3.9144,64.8986,92631040,14246
1000000,0,off,pan,22,3.911,3.8316,64.8986,92631040,14246
1000000,0,off,pan,23,3.7619,3.6784,64.8986,92631040,14246
1000000,0,off,pan,24,3.7361,3.6657,64.8986,92631040,14246
1000000,0,off,pan,25,3.6945,3.6253,64.8986,92631040,14246
1000000,0,off,pan,26,3.5999,3.5391,64.8986,92631040,14246
1000000,0,off,pan,27,3.5639,3.5017,64.8986,92631040,14246
1000000,0,off,pan,28,3.5921,3.5302,64.8986,92631040,14246
1000000,0,off,pan,29,3.7189,3.653,64.8986,92631040,14246
1000000,0,off,pan,30,4.5894,4.4629,64.8986,92631040,14246
1000000,0,off,pan,31,4.4407,4.3042,64.8986,92631040,14246
1000000,0,off,pan,32,3.6991,3.6214,64.8986,92631040,14246
1000000,0,off,pan,33,3.7371,3.6654,64.8986,92631040,14246
1000000,0,off,pan,34,3.8385,3.7568,64.8986,92631040,14246
1000000,0,off,pan,35,3.7611,3.6856,64.8986,92631040,14246
1000000,0,off,pan,36,3.6982,3.6238,64.8986,92631040,14246
1000000,0,off,pan,37,3.6364,3.556,64.8986,92631040,14246
1000000,0,off,pan,38,3.6447,3.581,64.8986,92631040,14246
1000000,0,off,pan,39,3.6059,3.5389,64.8986,92631040,14246
1000000,0,off,pan,40,3.6833,3.6069,64.8986,92631040,14246
1000000,0,off,pan,41,4.1203,4.042,64.8986,92631040,14246
1000000,0,off,pan,42,3.9597,3.8782,64.8986,92631040,14246
1000000,0,off,pan,43,3.9249,3.8471,64.8986,92631040,14246
1000000,0,off,pan,44,3.8901,3.8047,64.8986,92631040,14246
1000000,0,off,pan,45,3.6504,3.5386,64.8986,92631040,14246
1000000,0,off,pan,46,4.0312,3.9543,64.8986,92631040,14246
1000000,0,off,pan,47,3.9205,3.8131,64.8986,92631040,14246
1000000,0,off,pan,48,3.6516,3.5806,64.8986,92631040,14246
1000000,0,off,pan,49,3.8325,3.7587,64.8986,92631040,14246
1000000,0,off,pan,50,3.7067,3.6343,64.8986,92631040,14246
1000000,0,off,pan,51,3.7465,3.6664,64.8986,92631040,14246
1000000,0,off,pan,52,3.6233,3.5475,64.8986,92631040,14246
1000000,0,off,pan,53,3.6682,3.6,64.8986,92631040,14246
1000000,0,off,pan,54,3.6584,3.5894,64.8986,92631040,14246
1000000,0,off,pan,55,3.6128,3.5393,64.8986,92631040,14246
1000000,0,off,pan,56,3.6753,3.6096,64.8986,92631040,14246
1000000,0,off,pan,57,3.6283,3.5607,64.8986,92631040,14246
1000000,0,off,pan,58,3.959,3.8819,64.8986,92631040,14246
1000000,0,off,pan,59,3.6988,3.6083,64.8986,92631040,14246
1000000,0,off,pan,60,3.8337,3.7603,64.8986,92631040,14246
1000000,0,off,pan,61,3.6383,3.5667,64.8986,92631040,14246
1000000,0,off,pan,62,3.7326,3.6653,64.8986,92631040,14246
1000000,0,off,pan,63,3.6261,3.558,64.8986,92631040,14246
1000000,0,off,pan,64,3.6688,3.6015,64.8986,92631040,14246
1000000,0,off,pan,65,3.6457,3.5781,64.8986,92631040,14246
1000000,0,off,pan,66,3.6207,3.5546,64.8986,92631040,14246
1000000,0,off,pan,67,3.5525,3.4901,64.8986,92631040,14246
1000000,0,off,pan,68,3.6462,3.5791,64.8986,92631040,14246
1000000,0,off,pan,69,3.6794,3.6108,64.8986,92631040,14246
1000000,0,off,pan,70,3.6058,3.5397,64.8986,92631040,14246
1000000,0,off,pan,71,3.6526,3.5776,64.8986,92631040,14246
1000000,0,off,pan,72,4.4789,4.3968,64.8986,92631040,14246
1000000,0,off,pan,73,3.8003,3.6956,64.8986,92631040,14246
1000000,0,off,pan,74,3.8838,3.8006,64.8986,92631040,14246
1000000,0,off,pan,75,3.8634,3.7656,64.8986,92631040,14246
1000000,0,off,pan,76,3.6843,3.6126,64.8986,92631040,14246
1000000,0,off,pan,77,3.5995,3.5307,64.8986,92631040,14246
1000000,0,off,pan,78,3.578,3.5111,64.8986,92631040,14246
1000000,0,off,pan,79,3.6733,3.6093,64.8986,92631040,14246
1000000,0,off,pan,80,3.553,3.4859,64.8986,92631040,14246
1000000,0,off,pan,81,3.8289,3.7602,64.8986,92631040,14246
1000000,0,off,pan,82,3.5734,3.5026,64.8986,92631040,14246
1000000,0,off,pan,83,3.6008,3.5333,64.8986,92631040,14246
1000000,0,off,pan,84,3.7136,3.6447,64.8986,92631040,14246
1000000,0,off,pan,85,3.5812,3.5138,64.8986,92631040,14246
1000000,0,off,pan,86,3.5949,3.5324,64.8986,92631040,14246
1000000,0,off,pan,87,3.5677,3.5052,64.8986,92631040,14246
1000000,0,off,pan,88,3.576,3.5099,64.8986,92631040,14246
1000000,0,off,pan,89,3.7038,3.6376,64.8986,92631040,14246
1000000,0,off,pan,90,3.5589,3.4941,64.8986,92631040,14246
1000000,0,off,pan,91,3.59,3.5257,64.8986,92631040,14246
1000000,0,off,pan,92,3.5469,3.4794,64.8986,92631040,14246
1000000,0,off,pan,93,3.768,3.6708,64.8986,92631040,14246
1000000,0,off,pan,94,3.4475,3.3832,64.8986,92631040,14246
1000000,0,off,pan,95,3.5032,3.4399,64.8986,92631040,14246
1000000,0,off,pan,96,3.5602,3.4885,64.8986,92631040,14246
1000000,0,off,pan,97,3.6778,3.59,64.8986,92631040,14246
1000000,0,off,pan,98,3.5945,3.5225,64.8986,92631040,14246
1000000,0,off,pan,99,3.482,3.4188,64.8986,92631040,14246
1000000,0,off,pan,100,3.5242,3.4627,64.8986,92631040,14246
1000000,0,off,pan,101,3.6758,3.6112,64.8986,92631040,14246
1000000,0,off,pan,102,3.5172,3.4479,64.8986,92631040,14246
1000000,0,off,pan,103,3.498,3.427,64.8986,92631040,14246
1000000,0,off,pan,104,3.5136,3.4507,64.8986,92631040,14246
1000000,0,off,pan,105,3.5498,3.4779,64.8986,92631040,14246
1000000,0,off,pan,106,3.9994,3.9197,64.8986,92631040,14246
1000000,0,off,pan,107,3.6673,3.5736,64.8986,92631040,14246
1000000,0,off,pan,108,3.662,3.5786,64.8986,92631040,14246
1000000,0,off,pan,109,3.6877,3.5862,64.8986,92631040,14246
1000000,0,off,pan,110,3.8349,3.7345,64.8986,92631040,14246
1000000,0,off,pan,111,3.7146,3.6136,64.8986,92631040,14246
1000000,0,off,pan,112,3.7247,3.6388,64.8986,92631040,14246
1000000,0,off,pan,113,3.6773,3.5851,64.8986,92631040,14246
1000000,0,off,pan,114,4.2972,4.1873,64.8986,92631040,14246
1000000,0,off,pan,115,3.8884,3.7614,64.8986,92631040,14246
1000000,0,off,pan,116,3.8931,3.7999,64.8986,92631040,14246
1000000,0,off,pan,117,3.8383,3.7608,64.8986,92631040,14246
1000000,0,off,pan,118,3.737,3.6581,64.8986,92631040,14246
1000000,0,off,pan,119,3.8351,3.7409,64.8986,92631040,14246
1000000,0,off,hover,0,4.1386,3.8315,64.8986,92631040,14144
1000000,0,off,hover,1,4.0919,3.9576,64.8986,92631040,14144
1000000,0,off,hover,2,3.9165,3.7894,64.8986,92631040,14144
1000000,0,off,hover,3,3.9759,3.8613,64.8986,92631040,14144
1000000,0,off,hover,4,3.9625,3.8263,64.8986,92631040,14144
1000000,0,off,hover,5,4.0922,3.9728,64.8986,92631040,14144
1000000,0,off,hover,6,4.1001,3.9682,64.8986,92631040,14144
1000000,0,off,hover,7,3.9516,3.816,64.8986,92631040,14144
1000000,0,off,hover,8,3.9915,3.8689,64.8986,92631040,14144
1000000,0,off,hover,9,4.1798,4.0294,64.8986,92631040,14144
1000000,0,off,hover,10,4.1924,4.06,64.8986,92631040,14144
1000000,0,off,hover,11,4.2697,4.1211,64.8986,92631040,14144
1000000,0,off,hover,12,4.0532,3.9175,64.8986,92631040,14144
1000000,0,off,hover,13,4.9375,4.7716,64.8986,92631040,14144
1000000,0,off,hover,14,4.4652,4.2459,64.8986,92639232,14144
1000000,0,off,hover,15,4.3608,4.1722,64.8986,92639232,14144
1000000,0,off,hover,16,4.1173,3.9454,64.8986,92639232,14144
1000000,0,off,hover,17,4.1039,3.9604,64.8986,92639232,14144
1000000,0,off,hover,18,4.0745,3.9336,64.8986,92639232,14144
1000000,0,off,hover,19,4.1189,3.9773,64.8986,92647424,14144
1000000,0,off,hover,20,4.1632,4.0283,64.8986,92647424,14144
1000000,0,off,hover,21,4.0998,3.9583,64.8986,92647424,14144
1000000,0,off,hover,22,3.8607,3.7366,64.8986,92647424,14144
1000000,0,off,hover,23,5.1339,4.941,64.8986,92647424,14144
1000000,0,off,hover,24,4.5725,4.1649,64.8986,92647424,14144
1000000,0,off,hover,25,3.9964,3.7495,64.8986,92647424,14144
1000000,0,off,hover,26,3.816,3.6788,64.8986,92647424,14144
1000000,0,off,hover,27,3.9078,3.7935,64.8986,92647424,14144
1000000,0,off,hover,28,3.8552,3.7377,64.8986,92647424,14144
1000000,0,off,hover,29,3.7328,3.603,64.8986,92647424,14144
1000000,0,off,hover,30,4.2026,4.0942,64.8986,92647424,14144
1000000,0,off,hover,31,4.1068,3.9633,64.8986,92647424,14144
1000000,0,off,hover,32,3.9941,3.8807,64.8986,92647424,14144
1000000,0,off,hover,33,3.9226,3.8038,64.8986,92647424,14144
1000000,0,off,hover,34,3.8685,3.7562,64.8986,92647424,14144
1000000,0,off,hover,35,3.9402,3.8123,64.8986,92647424,14144
1000000,0,off,hover,36,3.9043,3.7863,64.8986,92647424,14144
1000000,0,off,hover,37,3.841,3.7233,64.8986,92647424,14144
1000000,0,off,hover,38,3.7964,3.6888,64.8986,92647424,14144
1000000,0,off,hover,39,5.5502,5.4003,64.8986,92659712,14144
1000000,0,off,hover,40,4.5794,4.4211,64.8986,92659712,14144
1000000,0,off,hover,41,4.4842,4.3434,64.8986,92659712,14144
1000000,0,off,hover,42,4.5363,4.4051,64.8986,92659712,14144
1000000,0,off,hover,43,4.6873,4.5428,64.8986,92659712,14144
1000000,0,off,hover,44,4.1307,3.9016,64.8986,92659712,14144
1000000,0,off,hover,45,3.8747,3.7228,64.8986,92659712,14144
1000000,0,off,hover,46,4.2585,4.1167,64.8986,92659712,14144
1000000,0,off,hover,47,3.8373,3.66,64.8986,92659712,14144
1000000,0,off,hover,48,3.6898,3.5701,64.8986,92659712,14144
1000000,0,off,hover,49,3.7131,3.6013,64.8986,92659712,14144
1000000,0,off,hover,50,3.9158,3.8016,64.8986,92659712,14144
1000000,0,off,hover,51,3.7857,3.6346,64.8986,92659712,14144
1000000,0,off,hover,52,3.8023,3.6742,64.8986,92659712,14144
1000000,0,off,hover,53,3.8014,3.6677,64.8986,92659712,14144
1000000,0,off,hover,54,3.9786,3.8594,64.8986,92659712,14144
1000000,0,off,hover,55,4.0513,3.897,64.8986,92659712,14144
1000000,0,off,hover,56,4.1055,3.955,64.8986,92659712,14144
1000000,0,off,hover,57,3.8672,3.745,64.8986,92659712,14144
1000000,0,off,hover,58,4.3097,4.1938,64.8986,92659712,14144
1000000,0,off,hover,59,3.9134,3.7356,64.8986,92659712,14144
1000000,0,off,hover,60,3.9878,3.8741,64.8986,92659712,14144
1000000,0,off,hover,61,4.0563,3.9378,64.8986,92659712,14144
1000000,0,off,hover,62,4.0364,3.9134,64.8986,92659712,14144
1000000,0,off,hover,63,3.885,3.7441,64.8986,92659712,14144
1000000,0,off,hover,64,3.8452,3.7238,64.8986,92659712,14144
1000000,0,off,hover,65,3.7689,3.66,64.8986,92659712,14144
1000000,0,off,hover,66,3.9683,3.8403,64.8986,92659712,14144
1000000,0,off,hover,67,4.001,3.8459,64.8986,92659712,14144
1000000,0,off,hover,68,3.8901,3.7506,64.8986,92659712,14144
1000000,0,off,hover,69,3.8797,3.7589,64.8986,92659712,14144
1000000,0,off,hover,70,3.8707,3.7517,64.8986,92659712,14144
1000000,0,off,hover,71,3.9223,3.8103,64.8986,92659712,14144
1000000,0,off,hover,72,3.9462,3.8267,64.8986,92659712,14144
1000000,0,off,hover,73,3.9725,3.8648,64.8986,92663808,14144
1000000,0,off,hover,74,4.3967,4.2518,64.8986,92663808,14144
1000000,0,off,hover,75,4.1455,3.8835,64.8986,92663808,14144
1000000,0,off,hover,76,4.0077,3.8542,64.8986,92663808,14144
1000000,0,off,hover,77,3.8591,3.736,64.8986,92663808,14144
1000000,0,off,hover,78,3.985,3.8492,64.8986,92663808,14144
1000000,0,off,hover,79,4.3666,4.232,64.8986,92663808,14144
1000000,0,off,hover,80,4.0412,3.9202,64.8986,92663808,14144
1000000,0,off,hover,81,3.9482,3.8253,64.8986,92663808,14144
1000000,0,off,hover,82,3.9094,3.7825,64.8986,92663808,14144
1000000,0,off,hover,83,3.8478,3.7256,64.8986,92663808,14144
1000000,0,off,hover,84,3.8295,3.7127,64.8986,92663808,14144
1000000,0,off,hover,85,4.157,4.031,64.8986,92663808,14144
1000000,0,off,hover,86,4.223,4.0063,64.8986,92663808,14144
1000000,0,off,hover,87,3.9685,3.8436,64.8986,92663808,14144
1000000,0,off,hover,88,3.9719,3.843,64.8986,92663808,14144
1000000,0,off,hover,89,4.0252,3.9038,64.8986,92663808,14144
1000000,0,off,hover,90,5.2258,4.5782,64.8986,92663808,14144
1000000,0,off,hover,91,4.5011,4.2459,64.8986,92663808,14144
1000000,0,off,hover,92,3.752,3.5409,64.8986,92663808,14144
1000000,0,off,hover,93,3.8109,3.6754,64.8986,92663808,14144
1000000,0,off,hover,94,3.829,3.6875,64.8986,92663808,14144
1000000,0,off,hover,95,3.8533,3.736,64.8986,92663808,14144
1000000,0,off,hover,96,4.1897,4.0387,64.8986,92663808,14144
1000000,0,off,hover,97,4.0518,3.9105,64.8986,92663808,14144
1000000,0,off,hover,98,3.9267,3.7866,64.8986,92663808,14144
1000000,0,off,hover,99,3.8415,3.7143,64.8986,92663808,14144
1000000,0,off,hover,100,3.9404,3.7876,64.8986,92663808,14144
1000000,0,off,hover,101,3.9813,3.8385,64.8986,92663808,14144
1000000,0,off,hover,102,4.0622,3.8799,64.8986,92663808,14144
1000000,0,off,hover,103,3.8745,3.7191,64.8986,92663808,14144
1000000,0,off,hover,104,3.9684,3.8385,64.8986,92663808,14144
1000000,0,off,hover,105,3.9727,3.8235,64.8986,92663808,14144
1000000,0,off,hover,106,3.9036,3.7793,64.8986,92663808,14144
1000000,0,off,hover,107,3.9618,3.8448,64.8986,92663808,14144
1000000,0,off,hover,108,4.0593,3.9464,64.8986,92663808,14144
1000000,0,off,hover,109,4.1448,3.9703,64.8986,92663808,14144
1000000,0,off,hover,110,3.9469,3.7966,64.8986,92663808,14144
1000000,0,off,hover,111,3.8697,3.741,64.8986,92663808,14144
1000000,0,off,hover,112,3.8587,3.7432,64.8986,92663808,14144
1000000,0,off,hover,113,3.9208,3.7908,64.8986,92663808,14144
1000000,0,off,hover,114,3.9541,3.8043,64.8986,92663808,14144
1000000,0,off,hover,115,3.8778,3.7217,64.8986,92663808,14144
1000000,0,off,hover,116,3.8161,3.7011,64.8986,92663808,14144
1000000,0,off,hover,117,3.8651,3.7417,64.8986,92663808,14144
1000000,0,off,hover,118,3.8855,3.7623,64.8986,92663808,14144
1000000,0,off,hover,119,3.9432,3.8059,64.8986,92663808,14144
1000000,0,on,zoom,0,4.1331,4.0235,64.8986,93151232,14246
1000000,0,on,zoom,1,4.5339,4.42,64.8986,93388800,14144
1000000,0,on,zoom,2,4.0558,3.959,64.8986,93388800,14246
1000000,0,on,zoom,3,3.9983,3.9211,64.8986,93388800,14144
1000000,0,on,zoom,4,3.7964,3.7256,64.8986,93388800,14246
1000000,0,on,zoom,5,3.7875,3.7155,64.8986,93388800,14144
1000000,0,on,zoom,6,3.7428,3.6757,64.8986,93388800,14246
1000000,0,on,zoom,7,3.8406,3.7716,64.8986,93388800,14144
1000000,0,on,zoom,8,3.8189,3.7476,64.8986,93388800,14246
1000000,0,on,zoom,9,3.8669,3.7925,64.8986,93388800,14144
1000000,0,on,zoom,10,3.803,3.7365,64.8986,93388800,14246
1000000,0,on,zoom,11,3.9732,3.8944,64.8986,93388800,14144
1000000,0,on,zoom,12,4.2087,4.1252,64.8986,93388800,14246
1000000,0,on,zoom,13,4.5408,4.4309,64.8986,93388800,14144
1000000,0,on,zoom,14,4.3235,4.1252,64.8986,93388800,14246
1000000,0,on,zoom,15,3.8971,3.8212,64.8986,93388800,14144
1000000,0,on,zoom,16,4.0051,3.921,64.8986,93388800,14246
1000000,0,on,zoom,17,3.8892,3.8021,64.8986,93388800,14144
1000000,0,on,zoom,18,3.7116,3.6357,64.8986,93388800,14246
1000000,0,on,zoom,19,3.8146,3.7385,64.8986,93388800,14144
1000000,0,on,zoom,20,3.9021,3.8199,64.8986,93388800,14246
1000000,0,on,zoom,21,4.0031,3.8943,64.8986,93388800,14144
1000000,0,on,zoom,22,3.8212,3.708,64.8986,93388800,14246
1000000,0,on,zoom,23,3.9304,3.8586,64.8986,93388800,14144
1000000,0,on,zoom,24,3.7962,3.7127,64.8986,93388800,14246
1000000,0,on,zoom,25,3.7571,3.6891,64.8986,93388800,14144
1000000,0,on,zoom,26,3.748,3.6752,64.8986,93388800,14246
1000000,0,on,zoom,27,3.9193,3.8438,64.8986,93388800,14144
1000000,0,on,zoom,28,3.8127,3.73,64.8986,93388800,14246
1000000,0,on,zoom,29,3.797,3.727,64.8986,93388800,14144
1000000,0,on,zoom,30,3.7181,3.6536,64.8986,93388800,14246
1000000,0,on,zoom,31,3.7879,3.7201,64.8986,93388800,14144
1000000,0,on,zoom,32,3.7443,3.6692,64.8986,93388800,14246
1000000,0,on,zoom,33,3.7745,3.7024,64.8986,93388800,14144
1000000,0,on,zoom,34,3.7436,3.6782,64.8986,93388800,14246
1000000,0,on,zoom,35,3.7725,3.7031,64.8986,93388800,14144
1000000,0,on,zoom,36,3.7303,3.6632,64.8986,93388800,14246
1000000,0,on,zoom,37,4.1542,4.0819,64.8986,93388800,14144
1000000,0,on,zoom,38,3.6811,3.6028,64.8986,93388800,14246
1000000,0,on,zoom,39,3.7989,3.7354,64.8986,93388800,14144
1000000,0,on,zoom,40,3.7059,3.6384,64.8986,93388800,14246
1000000,0,on,zoom,41,3.8046,3.7313,64.8986,93388800,14144
1000000,0,on,zoom,42,3.7509,3.6853,64.8986,93388800,14246
1000000,0,on,zoom,43,3.7864,3.7182,64.8986,93388800,14144
1000000,0,on,zoom,44,3.707,3.6356,64.8986,93388800,14246
1000000,0,on,zoom,45,3.8728,3.7947,64.8986,93388800,14144
1000000,0,on,zoom,46,3.5216,3.4466,64.8986,93388800,14246
1000000,0,on,zoom,47,3.7145,3.6503,64.8986,93388800,14144
1000000,0,on,zoom,48,3.5368,3.4706,64.8986,93388800,14246
1000000,0,on,zoom,49,3.7026,3.6364,64.8986,93388800,14144
1000000,0,on,zoom,50,3.6684,3.6017,64.8986,93388800,14246
1000000,0,on,zoom,51,3.547,3.4784,64.8986,93388800,14144
1000000,0,on,zoom,52,3.6368,3.5705,64.8986,93388800,14246
1000000,0,on,zoom,53,3.9463,3.8697,64.8986,93388800,14144
1000000,0,on,zoom,54,3.8247,3.7383,64.8986,93388800,14246
1000000,0,on,zoom,55,3.7522,3.6683,64.8986,93388800,14144
1000000,0,on,zoom,56,3.7321,3.6591,64.8986,93388800,14246
1000000,0,on,zoom,57,3.7635,3.6895,64.8986,93388800,14144
1000000,0,on,zoom,58,4.4962,4.4096,64.8986,93388800,14246
1000000,0,on,zoom,59,3.6581,3.5546,64.8986,93388800,14144
1000000,0,on,zoom,60,3.8879,3.8076,64.8986,93388800,14246
1000000,0,on,zoom,61,3.6803,3.5964,64.8986,93388800,14144
1000000,0,on,zoom,62,3.4837,3.4215,64.8986,93388800,14246
1000000,0,on,zoom,63,3.6991,3.6374,64.8986,93388800,14144
1000000,0,on,zoom,64,3.5324,3.4673,64.8986,93388800,14246
1000000,0,on,zoom,65,3.6691,3.6044,64.8986,93388800,14144
1000000,0,on,zoom,66,3.7106,3.6416,64.8986,93388800,14246
1000000,0,on,zoom,67,3.6015,3.5377,64.8986,93388800,14144
1000000,0,on,zoom,68,3.4726,3.41,64.8986,93388800,14246
1000000,0,on,zoom,69,3.6489,3.5893,64.8986,93388800,14144
1000000,0,on,zoom,70,3.5537,3.4932,64.8986,93388800,14246
1000000,0,on,zoom,71,3.6842,3.6219,64.8986,93388800,14144
1000000,0,on,zoom,72,3.4746,3.4124,64.8986,93388800,14246
1000000,0,on,zoom,73,3.6732,3.6105,64.8986,93388800,14144
1000000,0,on,zoom,74,3.6568,3.5896,64.8986,93388800,14246
1000000,0,on,zoom,75,4.2673,4.1937,64.8986,93388800,14144
1000000,0,on,zoom,76,4.1833,4.0866,64.8986,93388800,14246
1000000,0,on,zoom,77,4.3125,4.182,64.8986,93388800,14144
1000000,0,on,zoom,78,4.0599,3.9792,64.8986,93388800,14246
1000000,0,on,zoom,79,4.5947,4.5064,64.8986,93388800,14144
1000000,0,on,zoom,80,4.3962,4.2744,64.8986,93388800,14246
1000000,0,on,zoom,81,4.755,4.6602,64.8986,93388800,14144
1000000,0,on,zoom,82,4.176,4.0575,64.8986,93388800,14246
1000000,0,on,zoom,83,4.432,4.3392,64.8986,93388800,14144
1000000,0,on,zoom,84,4.4415,4.3379,64.8986,93388800,14246
1000000,0,on,zoom,85,4.5505,4.4431,64.8986,93388800,14144
1000000,0,on,zoom,86,4.6225,4.5156,64.8986,93388800,14246
1000000,0,on,zoom,87,4.2331,4.1328,64.8986,93388800,14144
1000000,0,on,zoom,88,4.1564,4.0791,64.8986,93388800,14246
1000000,0,on,zoom,89,4.7335,4.6328,64.8986,93388800,14144
1000000,0,on,zoom,90,4.9486,4.8008,64.8986,93388800,14246
1000000,0,on,zoom,91,4.473,4.351,64.8986,93388800,14144
1000000,0,on,zoom,92,4.8646,4.7468,64.8986,93388800,14246
1000000,0,on,zoom,93,4.5947,4.4097,64.8986,93388800,14144
1000000,0,on,zoom,94,4.2223,4.1336,64.8986,93388800,14246
1000000,0,on,zoom,95,4.4025,4.299,64.8986,93388800,14144
1000000,0,on,zoom,96,4.2298,4.0673,64.8986,93388800,14246
1000000,0,on,zoom,97,4.233,4.1522,64.8986,93388800,14144
1000000,0,on,zoom,98,4.0414,3.948,64.8986,93388800,14246
1000000,0,on,zoom,99,3.9327,3.8606,64.8986,93388800,14144
1000000,0,on,zoom,100,3.7569,3.6843,64.8986,93388800,14246
1000000,0,on,zoom,101,3.5197,3.4584,64.8986,93388800,14144
1000000,0,on,zoom,102,3.709,3.6479,64.8986,93388800,14246
1000000,0,on,zoom,103,3.6113,3.5443,64.8986,93388800,14144
1000000,0,on,zoom,104,3.6862,3.622,64.8986,93388800,14246
1000000,0,on,zoom,105,3.6399,3.5499,64.8986,93388800,14144
1000000,0,on,zoom,106,3.511,3.4498,64.8986,93388800,14246
1000000,0,on,zoom,107,3.7506,3.6807,64.8986,93388800,14144
1000000,0,on,zoom,108,3.6671,3.5988,64.8986,93388800,14246
1000000,0,on,zoom,109,3.545,3.48,64.8986,93388800,14144
1000000,0,on,zoom,110,3.6292,3.5619,64.8986,93388800,14246
1000000,0,on,zoom,111,3.5684,3.5048,64.8986,93388800,14144
1000000,0,on,zoom,112,3.5306,3.4684,64.8986,93388800,14246
1000000,0,on,zoom,113,3.7142,3.6507,64.8986,93388800,14144
1000000,0,on,zoom,114,3.7983,3.7205,64.8986,93388800,14246
1000000,0,on,zoom,115,3.9529,3.8764,64.8986,93388800,14144
1000000,0,on,zoom,116,3.7334,3.6485,64.8986,93388800,14246
1000000,0,on,zoom,117,3.8096,3.7387,64.8986,93388800,14144
1000000,0,on,zoom,118,3.9109,3.8248,64.8986,93388800,14246
1000000,0,on,zoom,119,4.0601,3.9829,64.8986,93388800,14144
1000000,0,on,pan,0,3.4102,3.3401,64.8986,93388800,14246
1000000,0,on,pan,1,3.7895,3.7181,64.8986,93388800,14246
1000000,0,on,pan,2,4.3158,4.2179,64.8986,93388800,14246
1000000,0,on,pan,3,4.3354,4.2196,64.8986,93388800,14246
1000000,0,on,pan,4,3.8535,3.7456,64.8986,93388800,14246
1000000,0,on,pan,5,4.0792,3.9913,64.8986,93388800,14246
1000000,0,on,pan,6,3.747,3.6585,64.8986,93388800,14246
1000000,0,on,pan,7,4.0585,3.9804,64.8986,93388800,14246
1000000,0,on,pan,8,3.9533,3.8714,64.8986,93388800,14246
1000000,0,on,pan,9,3.9554,3.8795,64.8986,93388800,14246
1000000,0,on,pan,10,4.0117,3.9188,64.8986,93388800,14246
1000000,0,on,pan,11,3.7037,3.6177,64.8986,93388800,14246
1000000,0,on,pan,12,3.8749,3.7947,64.8986,93388800,14246
1000000,0,on,pan,13,3.7552,3.6315,64.8986,93388800,14246
1000000,0,on,pan,14,3.7429,3.6657,64.8986,93388800,14246
1000000,0,on,pan,15,3.6784,3.5951,64.8986,93388800,14246
1000000,0,on,pan,16,4.0713,3.9969,64.8986,93388800,14246
1000000,0,on,pan,17,3.7569,3.6685,64.8986,93388800,14246
1000000,0,on,pan,18,3.8404,3.7627,64.8986,93388800,14246
1000000,0,on,pan,19,3.6726,3.5966,64.8986,93388800,14246
1000000,0,on,pan,20,3.6057,3.5165,64.8986,93388800,14246
1000000,0,on,pan,21,3.6997,3.634,64.8986,93388800,14246
1000000,0,on,pan,22,3.5984,3.5162,64.8986,93388800,14246
1000000,0,on,pan,23,3.6054,3.5387,64.8986,93388800,14246
1000000,0,on,pan,24,3.6066,3.5236,64.8986,93388800,14246
1000000,0,on,pan,25,3.9572,3.8852,64.8986,93388800,14246
1000000,0,on,pan,26,3.9956,3.8812,64.8986,93388800,14246
1000000,0,on,pan,27,3.7476,3.666,64.8986,93388800,14246
1000000,0,on,pan,28,3.6252,3.5471,64.8986,93388800,14246
1000000,0,on,pan,29,3.9376,3.8631,64.8986,93388800,14246
1000000,0,on,pan,30,4.0153,3.9139,64.8986,93388800,14246
1000000,0,on,pan,31,4.2056,4.0889,64.8986,93388800,14246
1000000,0,on,pan,32,3.9994,3.9063,64.8986,93388800,14246
1000000,0,on,pan,33,4.5877,4.4573,64.8986,93388800,14246
1000000,0,on,pan,34,4.2336,4.0676,64.8986,93388800,14246
1000000,0,on,pan,35,4.0492,3.8191,64.8986,93388800,14246
1000000,0,on,pan,36,4.3646,3.9563,64.8986,93388800,14246
1000000,0,on,pan,37,4.19,3.961,64.8986,93388800,14246
1000000,0,on,pan,38,3.7569,3.6294,64.8986,93388800,14246
1000000,0,on,pan,39,3.9247,3.8144,64.8986,93388800,14246
1000000,0,on,pan,40,3.7167,3.6389,64.8986,93388800,14246
1000000,0,on,pan,41,3.8589,3.7625,64.8986,93388800,14246
1000000,0,on,pan,42,3.686,3.6058,64.8986,93388800,14246
1000000,0,on,pan,43,3.7408,3.6616,64.8986,93388800,14246
1000000,0,on,pan,44,3.9093,3.8065,64.8986,93388800,14246
1000000,0,on,pan,45,4.3556,4.2235,64.8986,93388800,14246
1000000,0,on,pan,46,4.0125,3.9232,64.8986,93388800,14246
1000000,0,on,pan,47,3.9448,3.8601,64.8986,93388800,14246
1000000,0,on,pan,48,4.3013,4.2181,64.8986,93388800,14246
1000000,0,on,pan,49,3.7956,3.7004,64.8986,93388800,14246
1000000,0,on,pan,50,5.1311,5.0319,64.8986,93388800,14246
1000000,0,on,pan,51,4.5347,4.4316,64.8986,93388800,14246
1000000,0,on,pan,52,4.7031,4.5461,64.8986,93388800,14246
1000000,0,on,pan,53,4.8775,4.7552,64.8986,93388800,14246
1000000,0,on,pan,54,4.5315,4.4279,64.8986,93388800,14246
1000000,0,on,pan,55,4.969,4.8494,64.8986,93388800,14246
1000000,0,on,pan,56,4.5136,4.3292,64.8986,93388800,14246
1000000,0,on,pan,57,4.392,4.3037,64.8986,93388800,14246
1000000,0,on,pan,58,4.5847,4.4852,64.8986,93388800,14246
1000000,0,on,pan,59,4.2649,4.1721,64.8986,93388800,14246
1000000,0,on,pan,60,4.3043,4.2255,64.8986,93388800,14246
1000000,0,on,pan,61,3.8465,3.7551,64.8986,93388800,14246
1000000,0,on,pan,62,3.8608,3.7847,64.8986,93388800,14246
1000000,0,on,pan,63,3.5754,3.4999,64.8986,93388800,14246
1000000,0,on,pan,64,3.8333,3.7607,64.8986,93388800,14246
1000000,0,on,pan,65,3.9131,3.8048,64.8986,93388800,14246
1000000,0,on,pan,66,3.7956,3.7175,64.8986,93388800,14246
1000000,0,on,pan,67,3.6847,3.6156,64.8986,93388800,14246
1000000,0,on,pan,68,3.5695,3.5024,64.8986,93388800,14246
1000000,0,on,pan,69,3.575,3.5118,64.8986,93388800,14246
1000000,0,on,pan,70,3.4682,3.4021,64.8986,93388800,14246
1000000,0,on,pan,71,3.7291,3.658,64.8986,93388800,14246
1000000,0,on,pan,72,3.7086,3.6395,64.8986,93388800,14246
1000000,0,on,pan,73,3.6465,3.5778,64.8986,93388800,14246
1000000,0,on,pan,74,3.8303,3.7606,64.8986,93388800,14246
1000000,0,on,pan,75,3.9659,3.8926,64.8986,93388800,14246
1000000,0,on,pan,76,3.8145,3.7334,64.8986,93388800,14246
1000000,0,on,pan,77,3.5607,3.494,64.8986,93388800,14246
1000000,0,on,pan,78,3.7604,3.6922,64.8986,93388800,14246
1000000,0,on,pan,79,3.7322,3.6633,64.8986,93388800,14246
1000000,0,on,pan,80,3.6237,3.5557,64.8986,93388800,14246
1000000,0,on,pan,81,3.6429,3.5757,64.8986,93388800,14246
1000000,0,on,pan,82,3.6647,3.5959,64.8986,93388800,14246
1000000,0,on,pan,83,3.7322,3.6618,64.8986,93388800,14246
1000000,0,on,pan,84,3.7212,3.648,64.8986,93388800,14246
1000000,0,on,pan,85,3.5706,3.5012,64.8986,93388800,14246
1000000,0,on,pan,86,3.6035,3.5355,64.8986,93388800,14246
1000000,0,on,pan,87,3.7969,3.7242,64.8986,93388800,14246
1000000,0,on,pan,88,3.9929,3.9233,64.8986,93388800,14246
1000000,0,on,pan,89,3.7154,3.6464,64.8986,93388800,14246
1000000,0,on,pan,90,3.6065,3.5403,64.8986,93388800,14246
1000000,0,on,pan,91,3.6393,3.5716,64.8986,93388800,14246
1000000,0,on,pan,92,3.7888,3.7173,64.8986,93388800,14246
1000000,0,on,pan,93,3.9877,3.8914,64.8986,93388800,14246
1000000,0,on,pan,94,4.085,3.9766,64.8986,93388800,14246
1000000,0,on,pan,95,3.7696,3.6941,64.8986,93388800,14246
1000000,0,on,pan,96,3.6709,3.5997,64.8986,93388800,14246
1000000,0,on,pan,97,3.7574,3.6816,64.8986,93388800,14246
1000000,0,on,pan,98,3.6948,3.6269,64.8986,93388800,14246
1000000,0,on,pan,99,4.2019,4.1301,64.8986,93388800,14246
1000000,0,on,pan,100,3.8207,3.7447,64.8986,93388800,14246
1000000,0,on,pan,101,3.6626,3.588,64.8986,93388800,14246
1000000,0,on,pan,102,4.0099,3.9225,64.8986,93388800,14246
1000000,0,on,pan,103,3.8709,3.7655,64.8986,93388800,14246
1000000,0,on,pan,104,4.2545,4.1653,64.8986,93388800,14246
1000000,0,on,pan,105,3.7845,3.6518,64.8986,93388800,14246
1000000,0,on,pan,106,3.9514,3.8574,64.8986,93388800,14246
1000000,0,on,pan,107,3.7002,3.604,64.8986,93388800,14246
1000000,0,on,pan,108,3.8597,3.7562,64.8986,93388800,14246
1000000,0,on,pan,109,4.0295,3.9484,64.8986,93388800,14246
1000000,0,on,pan,110,3.8914,3.7964,64.8986,93388800,14246
1000000,0,on,pan,111,3.6892,3.6086,64.8986,93388800,14246
1000000,0,on,pan,112,3.7907,3.6923,64.8986,93388800,14246
1000000,0,on,pan,113,3.9525,3.8709,64.8986,93388800,14246
1000000,0,on,pan,114,3.812,3.7204,64.8986,93388800,14246
1000000,0,on,pan,115,4.4133,4.3187,64.8986,93388800,14246
1000000,0,on,pan,116,4.0669,3.9577,64.8986,93388800,14246
1000000,0,on,pan,117,4.0675,3.9733,64.8986,93388800,14246
1000000,0,on,pan,118,3.8937,3.8091,64.8986,93388800,14246
1000000,0,on,pan,119,3.842,3.7638,64.8986,93388800,14246
1000000,0,on,hover,0,3.6597,3.3511,64.8986,93388800,14144
1000000,0,on,hover,1,4.3136,3.5881,64.8986,93388800,14144
1000000,0,on,hover,2,3.6137,3.4053,64.8986,93388800,14144
1000000,0,on,hover,3,3.8065,3.6328,64.8986,93388800,14144
1000000,0,on,hover,4,3.8507,3.5513,64.8986,93388800,14144
1000000,0,on,hover,5,3.6682,3.3452,64.8986,93388800,14144
1000000,0,on,hover,6,3.6471,3.3998,64.8986,93388800,14144
1000000,0,on,hover,7,3.8986,3.4962,64.8986,93388800,14144
1000000,0,on,hover,8,3.8292,3.6178,64.8986,93388800,14144
1000000,0,on,hover,9,3.5338,3.2763,64.8986,93388800,14144
1000000,0,on,hover,10,3.4739,3.334,64.8986,93388800,14144
1000000,0,on,hover,11,3.5368,3.3288,64.8986,93388800,14144
1000000,0,on,hover,12,3.6609,3.5064,64.8986,93388800,14144
1000000,0,on,hover,13,4.2569,3.7183,64.8986,93388800,14144
1000000,0,on,hover,14,4.2149,3.6778,64.8986,93388800,14144
1000000,0,on,hover,15,3.6554,3.4218,64.8986,93388800,14144
1000000,0,on,hover,16,4.2709,3.6178,64.8986,93388800,14144
1000000,0,on,hover,17,3.8086,3.6116,64.8986,93388800,14144
1000000,0,on,hover,18,3.5899,3.3357,64.8986,93388800,14144
1000000,0,on,hover,19,4.9496,4.1358,64.8986,93388800,14144
1000000,0,on,hover,20,3.9833,3.5381,64.8986,93388800,14144
1000000,0,on,hover,21,3.9148,3.5254,64.8986,93388800,14144
1000000,0,on,hover,22,4.1669,3.6763,64.8986,93388800,14144
1000000,0,on,hover,23,4.14,3.8077,64.8986,93388800,14144
1000000,0,on,hover,24,3.9225,3.6096,64.8986,93388800,14144
1000000,0,on,hover,25,3.8694,3.5842,64.8986,93388800,14144
1000000,0,on,hover,26,4.1298,3.6863,64.8986,93388800,14144
1000000,0,on,hover,27,3.6746,3.3959,64.8986,93388800,14144
1000000,0,on,hover,28,3.8806,3.5647,64.8986,93388800,14144
1000000,0,on,hover,29,3.5428,3.3695,64.8986,93388800,14144
1000000,0,on,hover,30,3.7365,3.5182,64.8986,93388800,14144
1000000,0,on,hover,31,4.4239,3.8211,64.8986,93388800,14144
1000000,0,on,hover,32,3.7029,3.3777,64.8986,93388800,14144
1000000,0,on,hover,33,3.7516,3.5083,64.8986,93388800,14144
1000000,0,on,hover,34,3.7602,3.4222,64.8986,93388800,14144
1000000,0,on,hover,35,3.7981,3.6221,64.8986,93388800,14144
1000000,0,on,hover,36,3.6335,3.4261,64.8986,93388800,14144
1000000,0,on,hover,37,3.9389,3.5397,64.8986,93388800,14144
1000000,0,on,hover,38,3.7319,3.5121,64.8986,93388800,14144
1000000,0,on,hover,39,4.0433,3.567,64.8986,93388800,14144
1000000,0,on,hover,40,3.9964,3.7292,64.8986,93388800,14144
1000000,0,on,hover,41,3.6309,3.2669,64.8986,93388800,14144
1000000,0,on,hover,42,3.7207,3.577,64.8986,93388800,14144
1000000,0,on,hover,43,3.8468,3.4778,64.8986,93388800,14144
1000000,0,on,hover,44,3.7385,3.5214,64.8986,93388800,14144
1000000,0,on,hover,45,3.6259,3.3934,64.8986,93388800,14144
1000000,0,on,hover,46,3.9206,3.6653,64.8986,93388800,14144
1000000,0,on,hover,47,3.4936,3.298,64.8986,93388800,14144
1000000,0,on,hover,48,3.9296,3.5825,64.8986,93388800,14144
1000000,0,on,hover,49,3.8083,3.5886,64.8986,93388800,14144
1000000,0,on,hover,50,3.4639,3.2712,64.8986,93388800,14144
1000000,0,on,hover,51,3.5833,3.414,64.8986,93388800,14144
1000000,0,on,hover,52,3.5231,3.344,64.8986,93388800,14144
1000000,0,on,hover,53,3.6348,3.4859,64.8986,93388800,14144
1000000,0,on,hover,54,3.4872,3.2892,64.8986,93388800,14144
1000000,0,on,hover,55,3.6772,3.5302,64.8986,93388800,14144
1000000,0,on,hover,56,3.5561,3.3042,64.8986,93388800,14144
1000000,0,on,hover,57,3.9032,3.6455,64.8986,93388800,14144
1000000,0,on,hover,58,3.5577,3.2968,64.8986,93388800,14144
1000000,0,on,hover,59,3.9574,3.7902,64.8986,93388800,14144
1000000,0,on,hover,60,3.5685,3.3403,64.8986,93388800,14144
1000000,0,on,hover,61,3.6307,3.4907,64.8986,93388800,14144
1000000,0,on,hover,62,3.504,3.3194,64.8986,93388800,14144
1000000,0,on,hover,63,3.7144,3.5164,64.8986,93388800,14144
1000000,0,on,hover,64,3.6091,3.3797,64.8986,93388800,14144
1000000,0,on,hover,65,3.8269,3.4982,64.8986,93388800,14144
1000000,0,on,hover,66,3.7398,3.4482,64.8986,93388800,14144
1000000,0,on,hover,67,3.9396,3.5618,64.8986,93388800,14144
1000000,0,on,hover,68,3.7342,3.5792,64.8986,93388800,14144
1000000,0,on,hover,69,3.5319,3.3104,64.8986,93388800,14144
1000000,0,on,hover,70,3.651,3.5062,64.8986,93388800,14144
1000000,0,on,hover,71,3.471,3.2571,64.8986,93388800,14144
1000000,0,on,hover,72,3.8125,3.569,64.8986,93388800,14144
1000000,0,on,hover,73,3.491,3.3033,64.8986,93388800,14144
1000000,0,on,hover,74,3.8057,3.6662,64.8986,93388800,14144
1000000,0,on,hover,75,3.9991,3.6783,64.8986,93388800,14144
1000000,0,on,hover,76,4.0017,3.7715,64.8986,93388800,14144
1000000,0,on,hover,77,3.6333,3.3861,64.8986,93388800,14144
1000000,0,on,hover,78,3.933,3.7374,64.8986,93388800,14144
1000000,0,on,hover,79,3.8764,3.6134,64.8986,93388800,14144
1000000,0,on,hover,80,3.5843,3.3899,64.8986,93388800,14144
1000000,0,on,hover,81,3.4044,3.2561,64.8986,93388800,14144
1000000,0,on,hover,82,3.4649,3.3409,64.8986,93388800,14144
1000000,0,on,hover,83,3.9178,3.6609,64.8986,93388800,14144
1000000,0,on,hover,84,4.2451,3.9889,64.8986,93388800,14144
1000000,0,on,hover,85,4.1304,3.8374,64.8986,93388800,14144
1000000,0,on,hover,86,3.9156,3.5629,64.8986,93388800,14144
1000000,0,on,hover,87,5.1957,4.0456,64.8986,93388800,14144
1000000,0,on,hover,88,3.6703,3.5006,64.8986,93388800,14144
1000000,0,on,hover,89,3.6004,3.3636,64.8986,93388800,14144
1000000,0,on,hover,90,3.567,3.424,64.8986,93388800,14144
1000000,0,on,hover,91,3.3805,3.199,64.8986,93388800,14144
1000000,0,on,hover,92,3.4708,3.3485,64.8986,93388800,14144
1000000,0,on,hover,93,3.3675,3.235,64.8986,93388800,14144
1000000,0,on,hover,94,3.4844,3.3639,64.8986,93388800,14144
1000000,0,on,hover,95,3.6264,3.3867,64.8986,93388800,14144
1000000,0,on,hover,96,3.6097,3.4057,64.8986,93388800,14144
1000000,0,on,hover,97,3.4511,3.2552,64.8986,93388800,14144
1000000,0,on,hover,98,3.7838,3.634,64.8986,93388800,14144
1000000,0,on,hover,99,3.5191,3.3208,64.8986,93388800,14144
1000000,0,on,hover,100,3.6481,3.4927,64.8986,93388800,14144
1000000,0,on,hover,101,3.6454,3.4595,64.8986,93388800,14144
1000000,0,on,hover,102,3.7753,3.4702,64.8986,93388800,14144
1000000,0,on,hover,103,3.5058,3.3332,64.8986,93388800,14144
1000000,0,on,hover,104,3.6281,3.3249,64.8986,93388800,14144
1000000,0,on,hover,105,3.5834,3.4196,64.8986,93388800,14144
1000000,0,on,hover,106,3.367,3.1999,64.8986,93388800,14144
1000000,0,on,hover,107,3.456,3.3295,64.8986,93388800,14144
1000000,0,on,hover,108,3.6187,3.4391,64.8986,93388800,14144
1000000,0,on,hover,109,4.3423,3.9124,64.8986,93388800,14144
1000000,0,on,hover,110,3.8186,3.5354,64.8986,93388800,14144
1000000,0,on,hover,111,3.594,3.4116,64.8986,93388800,14144
1000000,0,on,hover,112,3.5659,3.387,64.8986,93388800,14144
1000000,0,on,hover,113,3.5591,3.4195,64.8986,93388800,14144
1000000,0,on,hover,114,3.3447,3.1835,64.8986,93388800,14144
1000000,0,on,hover,115,3.5229,3.4,64.8986,93388800,14144
1000000,0,on,hover,116,3.8394,3.6655,64.8986,93388800,14144
1000000,0,on,hover,117,3.6334,3.4794,64.8986,93388800,14144
1000000,0,on,hover,118,3.488,3.3093,64.8986,93388800,14144
1000000,0,on,hover,119,4.2602,3.9806,64.8986,93388800,14144
1000000,1,on,zoom,0,5.2588,5.0776,64.8986,93544448,14246
1000000,1,on,zoom,1,4.8751,4.7116,64.8986,93544448,14144
1000000,1,on,zoom,2,4.2864,4.1622,64.8986,93544448,14246
1000000,1,on,zoom,3,4.8593,4.7246,64.8986,93544448,14144
1000000,1,on,zoom,4,4.8162,4.6596,64.8986,93544448,14246
1000000,1,on,zoom,5,4.4291,4.2839,64.8986,93544448,14144
1000000,1,on,zoom,6,5.1139,5.0009,64.8986,93544448,14246
1000000,1,on,zoom,7,4.8557,4.6989,64.8986,93544448,14144
1000000,1,on,zoom,8,4.5525,4.4158,64.8986,93544448,14246
1000000,1,on,zoom,9,4.8459,4.7057,64.8986,93544448,14144
1000000,1,on,zoom,10,4.7796,4.6523,64.8986,93544448,14246
1000000,1,on,zoom,11,4.4757,4.3697,64.8986,93544448,14144
1000000,1,on,zoom,12,4.3577,4.2269,64.8986,93544448,14246
1000000,1,on,zoom,13,4.8903,4.7688,64.8986,93544448,14144
1000000,1,on,zoom,14,4.3765,4.2402,64.8986,93544448,14246
1000000,1,on,zoom,15,4.4269,4.2971,64.8986,93544448,14144
1000000,1,on,zoom,16,4.7775,4.666,64.8986,93544448,14246
1000000,1,on,zoom,17,4.6059,4.4927,64.8986,93544448,14144
1000000,1,on,zoom,18,4.6065,4.4779,64.8986,93544448,14246
1000000,1,on,zoom,19,4.7012,4.6009,64.8986,93544448,14144
1000000,1,on,zoom,20,4.4006,4.3034,64.8986,93544448,14246
1000000,1,on,zoom,21,4.7057,4.5947,64.8986,93544448,14144
1000000,1,on,zoom,22,4.3386,4.237,64.8986,93544448,14246
1000000,1,on,zoom,23,4.2658,4.1713,64.8986,93544448,14144
1000000,1,on,zoom,24,4.2455,4.1358,64.8986,93544448,14246
1000000,1,on,zoom,25,4.9078,4.8224,64.8986,93544448,14144
1000000,1,on,zoom,26,4.0415,3.9155,64.8986,93544448,14246
1000000,1,on,zoom,27,5.02,4.9409,64.8986,93544448,14144
1000000,1,on,zoom,28,4.5072,4.4119,64.8986,93544448,14246
1000000,1,on,zoom,29,3.9234,3.8364,64.8986,93544448,14144
1000000,1,on,zoom,30,4.0466,3.9633,64.8986,93544448,14246
1000000,1,on,zoom,31,4.0857,4.0073,64.8986,93544448,14144
1000000,1,on,zoom,32,3.8529,3.7528,64.8986,93544448,14246
1000000,1,on,zoom,33,4.1628,4.0851,64.8986,93544448,14144
1000000,1,on,zoom,34,4.0437,3.9426,64.8986,93544448,14246
1000000,1,on,zoom,35,4.5941,4.4915,64.8986,93544448,14144
1000000,1,on,zoom,36,4.3679,4.2433,64.8986,93544448,14246
1000000,1,on,zoom,37,4.3928,4.2383,64.8986,93544448,14144
1000000,1,on,zoom,38,5.4193,5.2985,64.8986,93544448,14246
1000000,1,on,zoom,39,5.0026,4.811,64.8986,93544448,14144
1000000,1,on,zoom,40,4.5524,4.4037,64.8986,93544448,14246
1000000,1,on,zoom,41,4.8542,4.7103,64.8986,93544448,14144
1000000,1,on,zoom,42,4.5317,4.4016,64.8986,93544448,14246
1000000,1,on,zoom,43,4.3939,4.2886,64.8986,93544448,14144
1000000,1,on,zoom,44,4.6113,4.5221,64.8986,93544448,14246
1000000,1,on,zoom,45,4.3952,4.2772,64.8986,93544448,14144
1000000,1,on,zoom,46,3.8358,3.7328,64.8986,93544448,14246
1000000,1,on,zoom,47,4.0099,3.9245,64.8986,93544448,14144
1000000,1,on,zoom,48,4.5005,4.3886,64.8986,93544448,14246
1000000,1,on,zoom,49,4.4794,4.3069,64.8986,93544448,14144
1000000,1,on,zoom,50,4.2263,4.1265,64.8986,93544448,14246
1000000,1,on,zoom,51,3.9962,3.8847,64.8986,93544448,14144
1000000,1,on,zoom,52,4.4745,4.3825,64.8986,93544448,14246
1000000,1,on,zoom,53,4.2796,4.1467,64.8986,93544448,14144
1000000,1,on,zoom,54,3.9359,3.8288,64.8986,93544448,14246
1000000,1,on,zoom,55,4.1318,4.0569,64.8986,93544448,14144
1000000,1,on,zoom,56,3.8957,3.8043,64.8986,93544448,14246
1000000,1,on,zoom,57,3.9353,3.8523,64.8986,93544448,14144
1000000,1,on,zoom,58,4.0231,3.93,64.8986,93544448,14246
1000000,1,on,zoom,59,6.0539,5.9538,64.8986,93544448,14144
1000000,1,on,zoom,60,6.2885,6.1294,64.8986,93544448,14246
1000000,1,on,zoom,61,4.2015,4.0247,64.8986,93544448,14144
1000000,1,on,zoom,62,3.7713,3.6679,64.8986,93544448,14246
1000000,1,on,zoom,63,4.8136,4.7309,64.8986,93544448,14144
1000000,1,on,zoom,64,3.8565,3.7649,64.8986,93544448,14246
1000000,1,on,zoom,65,3.5864,3.5023,64.8986,93544448,14144
1000000,1,on,zoom,66,4.1195,4.0479,64.8986,93544448,14246
1000000,1,on,zoom,67,3.8327,3.7231,64.8986,93544448,14144
1000000,1,on,zoom,68,3.8408,3.7425,64.8986,93544448,14246
1000000,1,on,zoom,69,3.7188,3.6319,64.8986,93544448,14144
1000000,1,on,zoom,70,3.9904,3.9129,64.8986,93544448,14246
1000000,1,on,zoom,71,4.0673,3.9599,64.8986,93544448,14144
1000000,1,on,zoom,72,3.9226,3.8081,64.8986,93544448,14246
1000000,1,on,zoom,73,5.0824,4.9662,64.8986,93544448,14144
1000000,1,on,zoom,74,4.0757,3.9223,64.8986,93544448,14246
1000000,1,on,zoom,75,4.5247,4.4214,64.8986,93544448,14144
1000000,1,on,zoom,76,4.1107,3.9974,64.8986,93544448,14246
1000000,1,on,zoom,77,3.9994,3.8987,64.8986,93544448,14144
1000000,1,on,zoom,78,4.0027,3.8863,64.8986,93544448,14246
1000000,1,on,zoom,79,3.8888,3.8038,64.8986,93544448,14144
1000000,1,on,zoom,80,3.7503,3.6742,64.8986,93544448,14246
1000000,1,on,zoom,81,3.8938,3.8052,64.8986,93544448,14144
1000000,1,on,zoom,82,3.7841,3.6662,64.8986,93544448,14246
1000000,1,on,zoom,83,3.9421,3.869,64.8986,93544448,14144
1000000,1,on,zoom,84,3.6119,3.5381,64.8986,93544448,14246
1000000,1,on,zoom,85,3.5895,3.5296,64.8986,93544448,14144
1000000,1,on,zoom,86,3.9099,3.8418,64.8986,93544448,14246
1000000,1,on,zoom,87,4.1052,4.018,64.8986,93544448,14144
1000000,1,on,zoom,88,3.8388,3.7531,64.8986,93544448,14246
1000000,1,on,zoom,89,3.7772,3.6924,64.8986,93544448,14144
1000000,1,on,zoom,90,4.3484,4.2456,64.8986,93544448,14246
1000000,1,on,zoom,91,3.8508,3.683,64.8986,93544448,14144
1000000,1,on,zoom,92,3.9916,3.8766,64.8986,93544448,14246
1000000,1,on,zoom,93,4.0576,3.9169,64.8986,93544448,14144
1000000,1,on,zoom,94,4.2236,4.0306,64.8986,93544448,14246
1000000,1,on,zoom,95,3.9655,3.8175,64.8986,93544448,14144
1000000,1,on,zoom,96,3.8539,3.7236,64.8986,93544448,14246
1000000,1,on,zoom,97,3.7114,3.6263,64.8986,93544448,14144
1000000,1,on,zoom,98,3.5764,3.5051,64.8986,93544448,14246
1000000,1,on,zoom,99,3.647,3.5809,64.8986,93544448,14144
1000000,1,on,zoom,100,3.4857,3.4224,64.8986,93544448,14246
1000000,1,on,zoom,101,3.7937,3.7139,64.8986,93544448,14144
1000000,1,on,zoom,102,4.0062,3.8738,64.8986,93544448,14246
1000000,1,on,zoom,103,4.2057,4.1156,64.8986,93544448,14144
1000000,1,on,zoom,104,4.1144,4.0144,64.8986,93544448,14246
1000000,1,on,zoom,105,3.9749,3.8942,64.8986,93544448,14144
1000000,1,on,zoom,106,3.9755,3.896,64.8986,93544448,14246
1000000,1,on,zoom,107,3.8023,3.7216,64.8986,93544448,14144
1000000,1,on,zoom,108,4.0959,4.017,64.8986,93544448,14246
1000000,1,on,zoom,109,4.4523,4.3439,64.8986,93544448,14144
1000000,1,on,zoom,110,4.4096,4.3195,64.8986,93544448,14246
1000000,1,on,zoom,111,4.8401,4.7236,64.8986,93544448,14144
1000000,1,on,zoom,112,5.5147,5.3171,64.8986,93544448,14246
1000000,1,on,zoom,113,7.2136,6.981,64.8986,93544448,14144
1000000,1,on,zoom,114,4.7578,4.4886,64.8986,93544448,14246
1000000,1,on,zoom,115,4.8394,4.6673,64.8986,93544448,14144
1000000,1,on,zoom,116,4.5201,4.3969,64.8986,93544448,14246
1000000,1,on,zoom,117,4.5836,4.4773,64.8986,93544448,14144
1000000,1,on,zoom,118,4.4805,4.39,64.8986,93544448,14246
1000000,1,on,zoom,119,4.7207,4.6201,64.8986,93544448,14144
1000000,1,on,pan,0,3.244,3.1712,64.8986,93544448,14246
1000000,1,on,pan,1,3.7571,3.6839,64.8986,93544448,14246
1000000,1,on,pan,2,3.8157,3.7401,64.8986,93544448,14246
1000000,1,on,pan,3,3.6124,3.5332,64.8986,93544448,14246
1000000,1,on,pan,4,3.519,3.4507,64.8986,93544448,14246
1000000,1,on,pan,5,3.2863,3.2253,64.8986,93544448,14246
1000000,1,on,pan,6,3.507,3.4392,64.8986,93544448,14246
1000000,1,on,pan,7,3.8551,3.7766,64.8986,93544448,14246
1000000,1,on,pan,8,3.906,3.8135,64.8986,93544448,14246
1000000,1,on,pan,9,3.827,3.7461,64.8986,93544448,14246
1000000,1,on,pan,10,3.597,3.5236,64.8986,93544448,14246
1000000,1,on,pan,11,3.5931,3.5216,64.8986,93544448,14246
1000000,1,on,pan,12,3.5251,3.4566,64.8986,93544448,14246
1000000,1,on,pan,13,3.4367,3.3732,64.8986,93544448,14246
1000000,1,on,pan,14,3.3537,3.2926,64.8986,93544448,14246
1000000,1,on,pan,15,3.3162,3.2543,64.8986,93544448,14246
1000000,1,on,pan,16,3.8014,3.7256,64.8986,93544448,14246
1000000,1,on,pan,17,4.012,3.8972,64.8986,93544448,14246
1000000,1,on,pan,18,3.6489,3.5486,64.8986,93544448,14246
1000000,1,on,pan,19,3.4836,3.3991,64.8986,93544448,14246
1000000,1,on,pan,20,4.4704,4.367,64.8986,93544448,14246
1000000,1,on,pan,21,4.2394,4.1346,64.8986,93544448,14246
1000000,1,on,pan,22,4.3754,4.2483,64.8986,93544448,14246
1000000,1,on,pan,23,4.2364,4.1073,64.8986,93544448,14246
1000000,1,on,pan,24,4.0874,3.9815,64.8986,93544448,14246
1000000,1,on,pan,25,5.0999,4.9613,64.8986,93544448,14246
1000000,1,on,pan,26,4.3115,4.1238,64.8986,93544448,14246
1000000,1,on,pan,27,4.1387,4.0107,64.8986,93544448,14246
1000000,1,on,pan,28,4.0605,3.8887,64.8986,93544448,14246
1000000,1,on,pan,29,4.7494,4.6262,64.8986,93544448,14246
1000000,1,on,pan,30,3.9815,3.8189,64.8986,93544448,14246
1000000,1,on,pan,31,4.1623,4.0798,64.8986,93544448,14246
1000000,1,on,pan,32,3.9333,3.8171,64.8986,93544448,14246
1000000,1,on,pan,33,3.8689,3.743,64.8986,93544448,14246
1000000,1,on,pan,34,3.8913,3.8119,64.8986,93544448,14246
1000000,1,on,pan,35,3.4878,3.3752,64.8986,93544448,14246
1000000,1,on,pan,36,3.6041,3.5221,64.8986,93544448,14246
1000000,1,on,pan,37,3.3792,3.3069,64.8986,93544448,14246
1000000,1,on,pan,38,3.33,3.27,64.8986,93544448,14246
1000000,1,on,pan,39,3.3966,3.3362,64.8986,93544448,14246
1000000,1,on,pan,40,3.8481,3.7741,64.8986,93544448,14246
1000000,1,on,pan,41,3.3891,3.3116,64.8986,93544448,14246
1000000,1,on,pan,42,3.592,3.5147,64.8986,93544448,14246
1000000,1,on,pan,43,3.8188,3.706,64.8986,93544448,14246
1000000,1,on,pan,44,3.6611,3.5777,64.8986,93544448,14246
1000000,1,on,pan,45,3.4398,3.3506,64.8986,93544448,14246
1000000,1,on,pan,46,3.6153,3.5369,64.8986,93544448,14246
1000000,1,on,pan,47,3.3576,3.2881,64.8986,93544448,14246
1000000,1,on,pan,48,3.8254,3.7485,64.8986,93544448,14246
1000000,1,on,pan,49,3.759,3.6713,64.8986,93544448,14246
1000000,1,on,pan,50,3.4042,3.3185,64.8986,93544448,14246
1000000,1,on,pan,51,3.5612,3.4832,64.8986,93544448,14246
1000000,1,on,pan,52,3.5176,3.4395,64.8986,93544448,14246
1000000,1,on,pan,53,3.6573,3.5714,64.8986,93544448,14246
1000000,1,on,pan,54,3.4813,3.4025,64.8986,93544448,14246
1000000,1,on,pan,55,3.4312,3.3629,64.8986,93544448,14246
1000000,1,on,pan,56,3.5434,3.4771,64.8986,93544448,14246
1000000,1,on,pan,57,3.4598,3.3887,64.8986,93544448,14246
1000000,1,on,pan,58,3.4861,3.4106,64.8986,93544448,14246
1000000,1,on,pan,59,3.5806,3.5062,64.8986,93544448,14246
1000000,1,on,pan,60,3.6044,3.5253,64.8986,93544448,14246
1000000,1,on,pan,61,3.4322,3.3497,64.8986,93544448,14246
1000000,1,on,pan,62,3.6,3.5206,64.8986,93544448,14246
1000000,1,on,pan,63,3.4042,3.3238,64.8986,93544448,14246
1000000,1,on,pan,64,3.3445,3.2811,64.8986,93544448,14246
1000000,1,on,pan,65,3.3942,3.3263,64.8986,93544448,14246
1000000,1,on,pan,66,3.4932,3.418,64.8986,93544448,14246
1000000,1,on,pan,67,3.5839,3.5075,64.8986,93544448,14246
1000000,1,on,pan,68,3.7818,3.6935,64.8986,93544448,14246
1000000,1,on,pan,69,3.7011,3.6194,64.8986,93544448,14246
1000000,1,on,pan,70,3.3707,3.2973,64.8986,93544448,14246
1000000,1,on,pan,71,3.779,3.7044,64.8986,93544448,14246
1000000,1,on,pan,72,3.3468,3.2729,64.8986,93544448,14246
1000000,1,on,pan,73,3.7333,3.6636,64.8986,93544448,14246
1000000,1,on,pan,74,3.5709,3.4913,64.8986,93544448,14246
1000000,1,on,pan,75,3.5246,3.4397,64.8986,93544448,14246
1000000,1,on,pan,76,3.3991,3.3148,64.8986,93544448,14246
1000000,1,on,pan,77,3.3993,3.3382,64.8986,93544448,14246
1000000,1,on,pan,78,3.3155,3.2542,64.8986,93544448,14246
1000000,1,on,pan,79,3.469,3.4045,64.8986,93544448,14246
1000000,1,on,pan,80,3.4224,3.3517,64.8986,93544448,14246
1000000,1,on,pan,81,3.4727,3.4063,64.8986,93544448,14246
1000000,1,on,pan,82,3.412,3.3419,64.8986,93544448,14246
1000000,1,on,pan,83,3.3489,3.2741,64.8986,93544448,14246
1000000,1,on,pan,84,3.279,3.2178,64.8986,93544448,14246
1000000,1,on,pan,85,4.2042,4.1258,64.8986,93544448,14246
1000000,1,on,pan,86,3.5413,3.3932,64.8986,93544448,14246
1000000,1,on,pan,87,3.6305,3.5565,64.8986,93544448,14246
1000000,1,on,pan,88,3.3835,3.2987,64.8986,93544448,14246
1000000,1,on,pan,89,3.4933,3.4309,64.8986,93544448,14246
1000000,1,on,pan,90,3.431,3.365,64.8986,93544448,14246
1000000,1,on,pan,91,3.8034,3.7333,64.8986,93544448,14246
1000000,1,on,pan,92,3.3941,3.3243,64.8986,93544448,14246
1000000,1,on,pan,93,3.6859,3.6181,64.8986,93544448,14246
1000000,1,on,pan,94,3.5358,3.4629,64.8986,93544448,14246
1000000,1,on,pan,95,3.3629,3.2979,64.8986,93544448,14246
1000000,1,on,pan,96,3.5252,3.4619,64.8986,93544448,14246
1000000,1,on,pan,97,3.3653,3.3001,64.8986,93544448,14246
1000000,1,on,pan,98,3.3536,3.2922,64.8986,93544448,14246
1000000,1,on,pan,99,3.5626,3.4942,64.8986,93544448,14246
1000000,1,on,pan,100,3.3531,3.287,64.8986,93544448,14246
1000000,1,on,pan,101,4.5189,4.4098,64.8986,93544448,14246
1000000,1,on,pan,102,7.1489,6.9632,64.8986,93544448,14246
1000000,1,on,pan,103,5.7346,5.4791,64.8986,93544448,14246
1000000,1,on,pan,104,3.8405,3.7044,64.8986,93544448,14246
1000000,1,on,pan,105,4.65,4.5641,64.8986,93544448,14246
1000000,1,on,pan,106,4.4191,4.2775,64.8986,93544448,14246
1000000,1,on,pan,107,4.4903,4.385,64.8986,93544448,14246
1000000,1,on,pan,108,4.7377,4.6393,64.8986,93544448,14246
1000000,1,on,pan,109,4.5328,4.4183,64.8986,93544448,14246
1000000,1,on,pan,110,4.2908,4.1928,64.8986,93544448,14246
1000000,1,on,pan,111,4.3089,4.2187,64.8986,93544448,14246
1000000,1,on,pan,112,4.4501,4.3597,64.8986,93544448,14246
1000000,1,on,pan,113,4.2234,4.1359,64.8986,93544448,14246
1000000,1,on,pan,114,4.9305,4.8458,64.8986,93544448,14246
1000000,1,on,pan,115,5.2886,5.1722,64.8986,93544448,14246
1000000,1,on,pan,116,4.7098,4.5975,64.8986,93544448,14246
1000000,1,on,pan,117,4.4126,4.3138,64.8986,93544448,14246
1000000,1,on,pan,118,4.4004,4.3075,64.8986,93544448,14246
1000000,1,on,pan,119,4.0975,3.9916,64.8986,93544448,14246
1000000,1,on,hover,0,3.436,3.1533,64.8986,93544448,14144
1000000,1,on,hover,1,3.0871,2.9461,64.8986,93544448,14144
1000000,1,on,hover,2,3.1636,3.0559,64.8986,93544448,14144
1000000,1,on,hover,3,3.198,3.0666,64.8986,93544448,14144
1000000,1,on,hover,4,3.2464,3.1054,64.8986,93544448,14144
1000000,1,on,hover,5,3.0599,2.9302,64.8986,93544448,14144
1000000,1,on,hover,6,3.3967,3.2654,64.8986,93544448,14144
1000000,1,on,hover,7,3.9113,3.7503,64.8986,93544448,14144
1000000,1,on,hover,8,3.4532,3.1512,64.8986,93544448,14144
1000000,1,on,hover,9,3.296,3.1567,64.8986,93544448,14144
1000000,1,on,hover,10,3.1009,2.9832,64.8986,93544448,14144
1000000,1,on,hover,11,3.1611,3.0463,64.8986,93544448,14144
1000000,1,on,hover,12,4.1314,3.1727,64.8986,93544448,14144
1000000,1,on,hover,13,3.4153,3.0107,64.8986,93544448,14144
1000000,1,on,hover,14,2.9847,2.8616,64.8986,93544448,14144
1000000,1,on,hover,15,3.1089,3.0058,64.8986,93544448,14144
1000000,1,on,hover,16,3.1363,3.0051,64.8986,93544448,14144
1000000,1,on,hover,17,2.9295,2.8167,64.8986,93544448,14144
1000000,1,on,hover,18,3.0851,2.9807,64.8986,93544448,14144
1000000,1,on,hover,19,2.9192,2.8197,64.8986,93544448,14144
1000000,1,on,hover,20,3.0078,2.9078,64.8986,93544448,14144
1000000,1,on,hover,21,3.2155,3.1138,64.8986,93544448,14144
1000000,1,on,hover,22,3.1891,3.0636,64.8986,93544448,14144
1000000,1,on,hover,23,3.4276,3.1774,64.8986,93544448,14144
1000000,1,on,hover,24,3.3246,3.1885,64.8986,93544448,14144
1000000,1,on,hover,25,3.1308,2.9433,64.8986,93544448,14144
1000000,1,on,hover,26,3.2746,3.1474,64.8986,93544448,14144
1000000,1,on,hover,27,3.4416,3.2602,64.8986,93544448,14144
1000000,1,on,hover,28,3.2841,3.0614,64.8986,93544448,14144
1000000,1,on,hover,29,3.7084,3.4947,64.8986,93544448,14144
1000000,1,on,hover,30,3.7698,3.5364,64.8986,93544448,14144
1000000,1,on,hover,31,3.1886,2.982,64.8986,93544448,14144
1000000,1,on,hover,32,3.3931,3.2094,64.8986,93544448,14144
1000000,1,on,hover,33,3.6387,3.4601,64.8986,93544448,14144
1000000,1,on,hover,34,3.3233,2.9252,64.8986,93544448,14144
1000000,1,on,hover,35,3.6292,3.448,64.8986,93544448,14144
1000000,1,on,hover,36,4.7855,4.0121,64.8986,93544448,14144
1000000,1,on,hover,37,5.578,4.0944,64.8986,93544448,14144
1000000,1,on,hover,38,4.2784,3.7531,64.8986,93544448,14144
1000000,1,on,hover,39,3.7792,3.5391,64.8986,93544448,14144
1000000,1,on,hover,40,4.4224,3.4549,64.8986,93544448,14144
1000000,1,on,hover,41,3.9082,3.643,64.8986,93544448,14144
1000000,1,on,hover,42,3.723,3.4565,64.8986,93544448,14144
1000000,1,on,hover,43,3.7967,3.6178,64.8986,93544448,14144
1000000,1,on,hover,44,3.7253,3.4816,64.8986,93544448,14144
1000000,1,on,hover,45,3.5937,3.4187,64.8986,93544448,14144
1000000,1,on,hover,46,4.0423,3.5507,64.8986,93544448,14144
1000000,1,on,hover,47,3.5819,3.4011,64.8986,93544448,14144
1000000,1,on,hover,48,4.198,3.9802,64.8986,93544448,14144
1000000,1,on,hover,49,4.4709,3.6609,64.8986,93544448,14144
1000000,1,on,hover,50,4.124,3.7251,64.8986,93544448,14144
1000000,1,on,hover,51,3.6722,3.3757,64.8986,93544448,14144
1000000,1,on,hover,52,4.0333,3.7421,64.8986,93544448,14144
1000000,1,on,hover,53,3.836,3.5555,64.8986,93544448,14144
1000000,1,on,hover,54,3.8695,3.6367,64.8986,93544448,14144
1000000,1,on,hover,55,4.0172,3.7927,64.8986,93544448,14144
1000000,1,on,hover,56,3.8635,3.5635,64.8986,93544448,14144
1000000,1,on,hover,57,3.83,3.647,64.8986,93544448,14144
1000000,1,on,hover,58,3.8703,3.6071,64.8986,93544448,14144
1000000,1,on,hover,59,4.1015,3.8748,64.8986,93544448,14144
1000000,1,on,hover,60,3.6186,3.3574,64.8986,93544448,14144
1000000,1,on,hover,61,3.8382,3.5835,64.8986,93544448,14144
1000000,1,on,hover,62,3.496,3.3012,64.8986,93544448,14144
1000000,1,on,hover,63,4.3282,3.9434,64.8986,93544448,14144
1000000,1,on,hover,64,3.7197,3.4833,64.8986,93544448,14144
1000000,1,on,hover,65,4.0476,3.6887,64.8986,93544448,14144
1000000,1,on,hover,66,4.0996,3.7259,64.8986,93544448,14144
1000000,1,on,hover,67,3.879,3.6099,64.8986,93544448,14144
1000000,1,on,hover,68,4.2291,4.0325,64.8986,93544448,14144
1000000,1,on,hover,69,3.8563,3.5546,64.8986,93544448,14144
1000000,1,on,hover,70,4.0243,3.525,64.8986,93544448,14144
1000000,1,on,hover,71,3.5991,3.4363,64.8986,93544448,14144
1000000,1,on,hover,72,3.6433,3.4155,64.8986,93544448,14144
1000000,1,on,hover,73,3.5168,3.3667,64.8986,93544448,14144
1000000,1,on,hover,74,3.816,3.4614,64.8986,93544448,14144
1000000,1,on,hover,75,4.9015,4.6833,64.8986,93544448,14144
1000000,1,on,hover,76,5.093,4.6758,64.8986,93544448,14144
1000000,1,on,hover,77,4.0672,3.7725,64.8986,93544448,14144
1000000,1,on,hover,78,4.3133,4.07,64.8986,93544448,14144
1000000,1,on,hover,79,4.6705,3.9539,64.8986,93544448,14144
1000000,1,on,hover,80,4.1801,3.9271,64.8986,93544448,14144
1000000,1,on,hover,81,4.6682,4.4445,64.8986,93544448,14144
1000000,1,on,hover,82,4.1891,3.892,64.8986,93544448,14144
1000000,1,on,hover,83,4.0885,2.9589,64.8986,93544448,14144
1000000,1,on,hover,84,3.2217,3.0659,64.8986,93544448,14144
1000000,1,on,hover,85,3.137,2.9862,64.8986,93544448,14144
1000000,1,on,hover,86,3.388,3.2514,64.8986,93544448,14144
1000000,1,on,hover,87,3.9515,3.6901,64.8986,93544448,14144
1000000,1,on,hover,88,3.8732,3.2017,64.8986,93544448,14144
1000000,1,on,hover,89,3.7626,3.4977,64.8986,93544448,14144
1000000,1,on,hover,90,3.4999,3.2622,64.8986,93544448,14144
1000000,1,on,hover,91,3.9477,3.5142,64.8986,93544448,14144
1000000,1,on,hover,92,3.9099,3.661,64.8986,93544448,14144
1000000,1,on,hover,93,3.6183,3.3867,64.8986,93544448,14144
1000000,1,on,hover,94,3.4019,3.2238,64.8986,93544448,14144
1000000,1,on,hover,95,3.6117,3.4599,64.8986,93544448,14144
1000000,1,on,hover,96,3.3702,3.2076,64.8986,93544448,14144
1000000,1,on,hover,97,3.4404,3.2946,64.8986,93544448,14144
1000000,1,on,hover,98,3.4163,3.2743,64.8986,93544448,14144
1000000,1,on,hover,99,3.5732,3.4066,64.8986,93544448,14144
1000000,1,on,hover,100,3.8149,3.4496,64.8986,93544448,14144
1000000,1,on,hover,101,3.3007,3.1247,64.8986,93544448,14144
1000000,1,on,hover,102,3.4781,3.3494,64.8986,93544448,14144
1000000,1,on,hover,103,3.3542,3.1774,64.8986,93544448,14144
1000000,1,on,hover,104,4.6983,4.3209,64.8986,93544448,14144
1000000,1,on,hover,105,3.7661,3.4153,64.8986,93544448,14144
1000000,1,on,hover,106,4.153,3.9389,64.8986,93544448,14144
1000000,1,on,hover,107,4.3337,3.7944,64.8986,93544448,14144
1000000,1,on,hover,108,5.2855,5.0236,64.8986,93544448,14144
1000000,1,on,hover,109,5.5531,5.2479,64.8986,93544448,14144
1000000,1,on,hover,110,4.1293,3.7743,64.8986,93544448,14144
1000000,1,on,hover,111,3.4866,3.2629,64.8986,93544448,14144
1000000,1,on,hover,112,3.8374,3.5858,64.8986,93544448,14144
1000000,1,on,hover,113,3.6662,3.436,64.8986,93544448,14144
1000000,1,on,hover,114,3.5486,3.3649,64.8986,93544448,14144
1000000,1,on,hover,115,3.326,3.1407,64.8986,93544448,14144
1000000,1,on,hover,116,3.1348,2.9845,64.8986,93544448,14144
1000000,1,on,hover,117,3.1458,3.015,64.8986,93544448,14144
1000000,1,on,hover,118,2.9702,2.8431,64.8986,93544448,14144
1000000,1,on,hover,119,2.9285,2.8118,64.8986,93544448,14144
1000000,1,off,zoom,0,3.6547,3.5526,64.8986,93544448,14246
1000000,1,off,zoom,1,3.6276,3.554,64.8986,93544448,14144
1000000,1,off,zoom,2,3.5987,3.5274,64.8986,93544448,14246
1000000,1,off,zoom,3,3.607,3.5313,64.8986,93544448,14144
1000000,1,off,zoom,4,3.6727,3.6033,64.8986,93544448,14246
1000000,1,off,zoom,5,3.6166,3.542,64.8986,93544448,14144
1000000,1,off,zoom,6,3.7202,3.6408,64.8986,93544448,14246
1000000,1,off,zoom,7,3.9532,3.8716,64.8986,93544448,14144
1000000,1,off,zoom,8,4.1896,4.0906,64.8986,93544448,14246
1000000,1,off,zoom,9,5.0093,4.8413,64.8986,93544448,14144
1000000,1,off,zoom,10,4.2559,4.0241,64.8986,93544448,14246
1000000,1,off,zoom,11,4.9196,4.8102,64.8986,93544448,14144
1000000,1,off,zoom,12,4.4803,4.3466,64.8986,93544448,14246
1000000,1,off,zoom,13,4.8742,4.7364,64.8986,93544448,14144
1000000,1,off,zoom,14,4.8256,4.6232,64.8986,93544448,14246
1000000,1,off,zoom,15,6.5273,6.1281,64.8986,93544448,14144
1000000,1,off,zoom,16,5.0666,4.8292,64.8986,93544448,14246
1000000,1,off,zoom,17,4.9838,4.768,64.8986,93544448,14144
1000000,1,off,zoom,18,5.025,4.8535,64.8986,93544448,14246
1000000,1,off,zoom,19,5.2572,5.0276,64.8986,93544448,14144
1000000,1,off,zoom,20,5.2921,5.1198,64.8986,93544448,14246
1000000,1,off,zoom,21,5.0436,4.7839,64.8986,93544448,14144
1000000,1,off,zoom,22,4.8082,4.6321,64.8986,93544448,14246
1000000,1,off,zoom,23,5.1657,4.9884,64.8986,93544448,14144
1000000,1,off,zoom,24,4.7757,4.59,64.8986,93544448,14246
1000000,1,off,zoom,25,4.8777,4.7183,64.8986,93544448,14144
1000000,1,off,zoom,26,4.8871,4.6443,64.8986,93544448,14246
1000000,1,off,zoom,27,5.2435,5.0709,64.8986,93544448,14144
1000000,1,off,zoom,28,4.968,4.7661,64.8986,93544448,14246
1000000,1,off,zoom,29,5.0914,4.9345,64.8986,93544448,14144
1000000,1,off,zoom,30,4.8586,4.678,64.8986,93544448,14246
1000000,1,off,zoom,31,5.64,5.4376,64.8986,93544448,14144
1000000,1,off,zoom,32,5.8327,5.5858,64.8986,93544448,14246
1000000,1,off,zoom,33,7.5023,7.2285,64.8986,93544448,14144
1000000,1,off,zoom,34,5.4461,5.1746,64.8986,93544448,14246
1000000,1,off,zoom,35,5.1602,4.9433,64.8986,93544448,14144
1000000,1,off,zoom,36,4.7213,4.5359,64.8986,93544448,14246
1000000,1,off,zoom,37,5.1278,4.9581,64.8986,93544448,14144
1000000,1,off,zoom,38,4.9297,4.7985,64.8986,93544448,14246
1000000,1,off,zoom,39,4.6778,4.5222,64.8986,93544448,14144
1000000,1,off,zoom,40,4.3721,4.2687,64.8986,93544448,14246
1000000,1,off,zoom,41,4.7256,4.6368,64.8986,93544448,14144
1000000,1,off,zoom,42,4.429,4.3015,64.8986,93544448,14246
1000000,1,off,zoom,43,4.406,4.3085,64.8986,93544448,14144
1000000,1,off,zoom,44,4.1327,4.0497,64.8986,93544448,14246
1000000,1,off,zoom,45,4.4374,4.3422,64.8986,93560832,14144
1000000,1,off,zoom,46,4.2105,4.0884,64.8986,93560832,14246
1000000,1,off,zoom,47,4.328,4.2415,64.8986,93560832,14144
1000000,1,off,zoom,48,4.2222,4.0791,64.8986,93560832,14246
1000000,1,off,zoom,49,4.689,4.5992,64.8986,93560832,14144
1000000,1,off,zoom,50,4.4655,4.3415,64.8986,93560832,14246
1000000,1,off,zoom,51,4.777,4.6017,64.8986,93560832,14144
1000000,1,off,zoom,52,5.1978,5.0588,64.8986,93560832,14246
1000000,1,off,zoom,53,4.9136,4.7866,64.8986,93560832,14144
1000000,1,off,zoom,54,4.925,4.7928,64.8986,93560832,14246
1000000,1,off,zoom,55,4.9106,4.7678,64.8986,93560832,14144
1000000,1,off,zoom,56,4.8731,4.7427,64.8986,93560832,14246
1000000,1,off,zoom,57,4.4846,4.3504,64.8986,93560832,14144
1000000,1,off,zoom,58,4.776,4.6303,64.8986,93560832,14246
1000000,1,off,zoom,59,4.7911,4.6704,64.8986,93560832,14144
1000000,1,off,zoom,60,4.315,4.192,64.8986,93560832,14246
1000000,1,off,zoom,61,4.7579,4.632,64.8986,93560832,14144
1000000,1,off,zoom,62,4.4671,4.3591,64.8986,93560832,14246
1000000,1,off,zoom,63,4.4891,4.361,64.8986,93560832,14144
1000000,1,off,zoom,64,4.7649,4.623,64.8986,93560832,14246
1000000,1,off,zoom,65,4.4896,4.3915,64.8986,93560832,14144
1000000,1,off,zoom,66,4.716,4.5667,64.8986,93560832,14246
1000000,1,off,zoom,67,5.1836,5.0084,64.8986,93560832,14144
1000000,1,off,zoom,68,5.988,5.7092,64.8986,93560832,14246
1000000,1,off,zoom,69,5.0515,4.796,64.8986,93560832,14144
1000000,1,off,zoom,70,5.1233,4.9834,64.8986,93560832,14246
1000000,1,off,zoom,71,6.7348,6.5074,64.8986,93560832,14144
1000000,1,off,zoom,72,6.254,5.9453,64.8986,93560832,14246
1000000,1,off,zoom,73,6.2142,5.9872,64.8986,93560832,14144
1000000,1,off,zoom,74,6.9721,6.7615,64.8986,93560832,14246
1000000,1,off,zoom,75,4.1598,3.9862,64.8986,93560832,14144
1000000,1,off,zoom,76,3.7448,3.6625,64.8986,93560832,14246
1000000,1,off,zoom,77,3.7348,3.6587,64.8986,93560832,14144
1000000,1,off,zoom,78,3.7016,3.616,64.8986,93560832,14246
1000000,1,off,zoom,79,3.7905,3.6645,64.8986,93560832,14144
1000000,1,off,zoom,80,3.6579,3.5932,64.8986,93560832,14246
1000000,1,off,zoom,81,3.9605,3.8951,64.8986,93560832,14144
1000000,1,off,zoom,82,3.8046,3.7371,64.8986,93560832,14246
1000000,1,off,zoom,83,3.8389,3.7666,64.8986,93560832,14144
1000000,1,off,zoom,84,3.9005,3.8157,64.8986,93560832,14246
1000000,1,off,zoom,85,3.6824,3.6132,64.8986,93560832,14144
1000000,1,off,zoom,86,3.8739,3.8082,64.8986,93560832,14246
1000000,1,off,zoom,87,3.8737,3.7839,64.8986,93560832,14144
1000000,1,off,zoom,88,3.83,3.7349,64.8986,93560832,14246
1000000,1,off,zoom,89,3.7754,3.7034,64.8986,93560832,14144
1000000,1,off,zoom,90,3.6581,3.594,64.8986,93560832,14246
1000000,1,off,zoom,91,3.7232,3.661,64.8986,93560832,14144
1000000,1,off,zoom,92,3.4886,3.4241,64.8986,93560832,14246
1000000,1,off,zoom,93,3.5644,3.5052,64.8986,93560832,14144
1000000,1,off,zoom,94,3.6964,3.6265,64.8986,93560832,14246
1000000,1,off,zoom,95,3.7266,3.6445,64.8986,93560832,14144
1000000,1,off,zoom,96,3.519,3.4459,64.8986,93560832,14246
1000000,1,off,zoom,97,3.6223,3.5533,64.8986,93560832,14144
1000000,1,off,zoom,98,3.9027,3.8219,64.8986,93560832,14246
1000000,1,off,zoom,99,3.846,3.7599,64.8986,93560832,14144
1000000,1,off,zoom,100,3.6707,3.5927,64.8986,93560832,14246
1000000,1,off,zoom,101,3.8694,3.7872,64.8986,93560832,14144
1000000,1,off,zoom,102,4.3777,4.2923,64.8986,93560832,14246
1000000,1,off,zoom,103,3.7695,3.6545,64.8986,93560832,14144
1000000,1,off,zoom,104,3.5851,3.5176,64.8986,93560832,14246
1000000,1,off,zoom,105,3.5573,3.4891,64.8986,93560832,14144
1000000,1,off,zoom,106,3.4786,3.4195,64.8986,93560832,14246
1000000,1,off,zoom,107,4.3323,4.2649,64.8986,93560832,14144
1000000,1,off,zoom,108,3.6661,3.591,64.8986,93560832,14246
1000000,1,off,zoom,109,3.7504,3.6863,64.8986,93560832,14144
1000000,1,off,zoom,110,3.7838,3.7177,64.8986,93560832,14246
1000000,1,off,zoom,111,4.0254,3.9434,64.8986,93560832,14144
1000000,1,off,zoom,112,3.5782,3.4794,64.8986,93560832,14246
1000000,1,off,zoom,113,3.7238,3.6512,64.8986,93560832,14144
1000000,1,off,zoom,114,3.4798,3.4136,64.8986,93560832,14246
1000000,1,off,zoom,115,4.0105,3.9424,64.8986,93560832,14144
1000000,1,off,zoom,116,3.5145,3.4281,64.8986,93560832,14246
1000000,1,off,zoom,117,3.7759,3.7081,64.8986,93560832,14144
1000000,1,off,zoom,118,4.0484,3.9538,64.8986,93560832,14246
1000000,1,off,zoom,119,3.9611,3.8852,64.8986,93560832,14144
1000000,1,off,pan,0,3.6389,3.5551,64.8986,93560832,14246
1000000,1,off,pan,1,3.6042,3.5289,64.8986,93560832,14246
1000000,1,off,pan,2,3.5137,3.4456,64.8986,93560832,14246
1000000,1,off,pan,3,3.346,3.2763,64.8986,93560832,14246
1000000,1,off,pan,4,3.2824,3.2203,64.8986,93560832,14246
1000000,1,off,pan,5,3.3908,3.3295,64.8986,93560832,14246
1000000,1,off,pan,6,3.3482,3.2847,64.8986,93560832,14246
1000000,1,off,pan,7,3.4088,3.3467,64.8986,93560832,14246
1000000,1,off,pan,8,3.294,3.223,64.8986,93560832,14246
1000000,1,off,pan,9,3.3065,3.2456,64.8986,93560832,14246
1000000,1,off,pan,10,3.4022,3.3392,64.8986,93560832,14246
1000000,1,off,pan,11,3.3404,3.2722,64.8986,93560832,14246
1000000,1,off,pan,12,3.4957,3.4267,64.8986,93560832,14246
1000000,1,off,pan,13,3.3208,3.2502,64.8986,93560832,14246
1000000,1,off,pan,14,3.3743,3.3069,64.8986,93560832,14246
1000000,1,off,pan,15,3.5104,3.4428,64.8986,93560832,14246
1000000,1,off,pan,16,3.4383,3.3512,64.8986,93560832,14246
1000000,1,off,pan,17,3.4659,3.3991,64.8986,93560832,14246
1000000,1,off,pan,18,3.2954,3.2218,64.8986,93560832,14246
1000000,1,off,pan,19,3.3022,3.2401,64.8986,93560832,14246
1000000,1,off,pan,20,3.3938,3.3105,64.8986,93560832,14246
1000000,1,off,pan,21,3.422,3.3531,64.8986,93560832,14246
1000000,1,off,pan,22,3.306,3.2441,64.8986,93560832,14246
1000000,1,off,pan,23,3.3076,3.2421,64.8986,93560832,14246
1000000,1,off,pan,24,3.7313,3.6638,64.8986,93560832,14246
1000000,1,off,pan,25,3.3602,3.2774,64.8986,93560832,14246
1000000,1,off,pan,26,3.8341,3.7164,64.8986,93560832,14246
1000000,1,off,pan,27,3.3996,3.2804,64.8986,93560832,14246
1000000,1,off,pan,28,3.4702,3.4,64.8986,93560832,14246
1000000,1,off,pan,29,3.4056,3.3248,64.8986,93560832,14246
1000000,1,off,pan,30,3.4326,3.3694,64.8986,93560832,14246
1000000,1,off,pan,31,3.309,3.2456,64.8986,93560832,14246
1000000,1,off,pan,32,3.3233,3.2558,64.8986,93560832,14246
1000000,1,off,pan,33,3.3275,3.2651,64.8986,93560832,14246
1000000,1,off,pan,34,3.7399,3.6705,64.8986,93560832,14246
1000000,1,off,pan,35,3.3241,3.2527,64.8986,93560832,14246
1000000,1,off,pan,36,3.393,3.3294,64.8986,93560832,14246
1000000,1,off,pan,37,3.3154,3.2475,64.8986,93560832,14246
1000000,1,off,pan,38,3.5521,3.4866,64.8986,93560832,14246
1000000,1,off,pan,39,3.3364,3.2642,64.8986,93560832,14246
1000000,1,off,pan,40,3.3887,3.3256,64.8986,93560832,14246
1000000,1,off,pan,41,3.3186,3.2561,64.8986,93560832,14246
1000000,1,off,pan,42,3.3321,3.2697,64.8986,93560832,14246
1000000,1,off,pan,43,3.4158,3.3522,64.8986,93560832,14246
1000000,1,off,pan,44,3.9074,3.8331,64.8986,93560832,14246
1000000,1,off,pan,45,3.3437,3.2618,64.8986,93560832,14246
1000000,1,off,pan,46,3.7738,3.6976,64.8986,93560832,14246
1000000,1,off,pan,47,3.4636,3.355,64.8986,93560832,14246
1000000,1,off,pan,48,3.5083,3.4402,64.8986,93560832,14246
1000000,1,off,pan,49,3.3206,3.2569,64.8986,93560832,14246
1000000,1,off,pan,50,3.4437,3.3798,64.8986,93560832,14246
1000000,1,off,pan,51,3.2777,3.213,64.8986,93560832,14246
1000000,1,off,pan,52,3.5962,3.5292,64.8986,93560832,14246
1000000,1,off,pan,53,3.5797,3.4749,64.8986,93560832,14246
1000000,1,off,pan,54,3.5525,3.4818,64.8986,93560832,14246
1000000,1,off,pan,55,3.4684,3.4003,64.8986,93560832,14246
1000000,1,off,pan,56,3.6465,3.5773,64.8986,93560832,14246
1000000,1,off,pan,57,3.8533,3.7724,64.8986,93560832,14246
1000000,1,off,pan,58,3.7095,3.6225,64.8986,93560832,14246
1000000,1,off,pan,59,5.7233,5.605,64.8986,93560832,14246
1000000,1,off,pan,60,8.3105,8.1302,64.8986,93560832,14246
1000000,1,off,pan,61,7.0132,6.8318,64.8986,93560832,14246
1000000,1,off,pan,62,6.964,6.8263,64.8986,93560832,14246
1000000,1,off,pan,63,6.967,6.8385,64.8986,93560832,14246
1000000,1,off,pan,64,6.9698,6.8437,64.8986,93560832,14246
1000000,1,off,pan,65,6.9378,6.8167,64.8986,93560832,14246
1000000,1,off,pan,66,6.9602,6.8391,64.8986,93560832,14246
1000000,1,off,pan,67,6.9821,6.8565,64.8986,93560832,14246
1000000,1,off,pan,68,6.9501,6.8322,64.8986,93560832,14246
1000000,1,off,pan,69,6.8571,6.7335,64.8986,93560832,14246
1000000,1,off,pan,70,7.4264,7.2818,64.8986,93560832,14246
1000000,1,off,pan,71,7.1906,7.0152,64.8986,93560832,14246
1000000,1,off,pan,72,7.3212,7.1317,64.8986,93560832,14246
1000000,1,off,pan,73,6.954,6.7905,64.8986,93560832,14246
1000000,1,off,pan,74,6.9127,6.7585,64.8986,93560832,14246
1000000,1,off,pan,75,7.0339,6.8839,64.8986,93560832,14246
1000000,1,off,pan,76,6.9979,6.8333,64.8986,93560832,14246
1000000,1,off,pan,77,6.9545,6.8047,64.8986,93560832,14246
1000000,1,off,pan,78,7.2341,7.0815,64.8986,93560832,14246
1000000,1,off,pan,79,6.8993,6.754,64.8986,93560832,14246
1000000,1,off,pan,80,6.9008,6.7584,64.8986,93560832,14246
1000000,1,off,pan,81,6.8582,6.71,64.8986,93560832,14246
1000000,1,off,pan,82,6.8966,6.7554,64.8986,93560832,14246
1000000,1,off,pan,83,6.8297,6.69,64.8986,93560832,14246
1000000,1,off,pan,84,6.8834,6.7427,64.8986,93560832,14246
1000000,1,off,pan,85,6.9211,6.7786,64.8986,93560832,14246
1000000,1,off,pan,86,6.9836,6.8299,64.8986,93560832,14246
1000000,1,off,pan,87,7.2498,7.1098,64.8986,93560832,14246
1000000,1,off,pan,88,7.0296,6.8876,64.8986,93560832,14246
1000000,1,off,pan,89,6.8236,6.6818,64.8986,93560832,14246
1000000,1,off,pan,90,6.8308,6.6914,64.8986,93560832,14246
1000000,1,off,pan,91,7.0105,6.8735,64.8986,93560832,14246
1000000,1,off,pan,92,6.9789,6.8425,64.8986,93560832,14246
1000000,1,off,pan,93,6.8602,6.7176,64.8986,93560832,14246
1000000,1,off,pan,94,7.1086,6.9613,64.8986,93560832,14246
1000000,1,off,pan,95,6.9236,6.7575,64.8986,93560832,14246
1000000,1,off,pan,96,7.1695,7.0041,64.8986,93560832,14246
1000000,1,off,pan,97,6.8919,6.6985,64.8986,93560832,14246
1000000,1,off,pan,98,7.0023,6.8491,64.8986,93560832,14246
1000000,1,off,pan,99,7.0365,6.8728,64.8986,93560832,14246
1000000,1,off,pan,100,7.4224,7.244,64.8986,93560832,14246
1000000,1,off,pan,101,6.9346,6.7604,64.8986,93560832,14246
1000000,1,off,pan,102,7.1196,6.9731,64.8986,93560832,14246
1000000,1,off,pan,103,7.407,7.2554,64.8986,93560832,14246
1000000,1,off,pan,104,7.26,7.1027,64.8986,93560832,14246
1000000,1,off,pan,105,7.5575,7.391,64.8986,93560832,14246
1000000,1,off,pan,106,7.5972,7.3736,64.8986,93560832,14246
1000000,1,off,pan,107,8.3375,8.1426,64.8986,93560832,14246
1000000,1,off,pan,108,7.5991,7.4061,64.8986,93560832,14246
1000000,1,off,pan,109,7.6569,7.4622,64.8986,93560832,14246
1000000,1,off,pan,110,7.3144,7.1426,64.8986,93560832,14246
1000000,1,off,pan,111,7.5655,7.3793,64.8986,93560832,14246
1000000,1,off,pan,112,6.9866,6.831,64.8986,93560832,14246
1000000,1,off,pan,113,7.0903,6.9389,64.8986,93560832,14246
1000000,1,off,pan,114,7.136,6.9933,64.8986,93560832,14246
1000000,1,off,pan,115,7.0151,6.8705,64.8986,93560832,14246
1000000,1,off,pan,116,7.0105,6.8643,64.8986,93560832,14246
1000000,1,off,pan,117,6.9173,6.7766,64.8986,93560832,14246
1000000,1,off,pan,118,6.9112,6.7748,64.8986,93560832,14246
1000000,1,off,pan,119,6.8628,6.7273,64.8986,93560832,14246
1000000,1,off,hover,0,7.5697,7.121,64.8986,93560832,14144
1000000,1,off,hover,1,7.6029,7.3059,64.8986,93560832,14144
1000000,1,off,hover,2,7.542,7.2524,64.8986,93560832,14144
1000000,1,off,hover,3,7.4997,7.1816,64.8986,93560832,14144
1000000,1,off,hover,4,7.5825,7.2805,64.8986,93560832,14144
1000000,1,off,hover,5,7.3919,7.1142,64.8986,93560832,14144
1000000,1,off,hover,6,7.39,7.0824,64.8986,93560832,14144
1000000,1,off,hover,7,7.4201,7.143,64.8986,93560832,14144
1000000,1,off,hover,8,7.461,7.1763,64.8986,93560832,14144
1000000,1,off,hover,9,7.4605,7.1732,64.8986,93560832,14144
1000000,1,off,hover,10,7.3516,7.0688,64.8986,93560832,14144
1000000,1,off,hover,11,7.4884,7.2218,64.8986,93560832,14144
1000000,1,off,hover,12,7.4826,7.2155,64.8986,93560832,14144
1000000,1,off,hover,13,7.706,7.4298,64.8986,93560832,14144
1000000,1,off,hover,14,7.5578,7.2708,64.8986,93560832,14144
1000000,1,off,hover,15,7.5128,7.1841,64.8986,93560832,14144
1000000,1,off,hover,16,7.5225,7.1155,64.8986,93560832,14144
1000000,1,off,hover,17,7.4344,7.1396,64.8986,93560832,14144
1000000,1,off,hover,18,7.4333,7.1164,64.8986,93560832,14144
1000000,1,off,hover,19,7.4255,7.1463,64.8986,93560832,14144
1000000,1,off,hover,20,7.4758,7.2009,64.8986,93560832,14144
1000000,1,off,hover,21,7.4506,7.1577,64.8986,93560832,14144
1000000,1,off,hover,22,7.4297,7.1627,64.8986,93560832,14144
1000000,1,off,hover,23,7.3633,7.0855,64.8986,93560832,14144
1000000,1,off,hover,24,7.3471,7.0806,64.8986,93560832,14144
1000000,1,off,hover,25,7.529,7.2537,64.8986,93560832,14144
1000000,1,off,hover,26,7.4661,7.1891,64.8986,93560832,14144
1000000,1,off,hover,27,7.6656,7.363,64.8986,93560832,14144
1000000,1,off,hover,28,7.7919,7.4732,64.8986,93560832,14144
1000000,1,off,hover,29,7.8181,7.4422,64.8986,93560832,14144
1000000,1,off,hover,30,8.1919,7.8048,64.8986,93560832,14144
1000000,1,off,hover,31,7.8733,7.4854,64.8986,93560832,14144
1000000,1,off,hover,32,7.821,7.5004,64.8986,93560832,14144
1000000,1,off,hover,33,7.9129,7.6108,64.8986,93560832,14144
1000000,1,off,hover,34,7.6653,7.3446,64.8986,93560832,14144
1000000,1,off,hover,35,7.957,7.6448,64.8986,93560832,14144
1000000,1,off,hover,36,7.9449,7.6608,64.8986,93560832,14144
1000000,1,off,hover,37,7.9649,7.6737,64.8986,93560832,14144
1000000,1,off,hover,38,7.8571,7.5727,64.8986,93560832,14144
1000000,1,off,hover,39,7.6573,7.3663,64.8986,93560832,14144
1000000,1,off,hover,40,8.0474,7.7751,64.8986,93560832,14144
1000000,1,off,hover,41,8.0325,7.7302,64.8986,93560832,14144
1000000,1,off,hover,42,8.243,7.9148,64.8986,93560832,14144
1000000,1,off,hover,43,8.0162,7.5486,64.8986,93560832,14144
1000000,1,off,hover,44,7.6862,7.35,64.8986,93560832,14144
1000000,1,off,hover,45,7.5361,7.2391,64.8986,93560832,14144
1000000,1,off,hover,46,7.5282,7.2599,64.8986,93560832,14144
1000000,1,off,hover,47,7.8525,7.3483,64.8986,93560832,14144
1000000,1,off,hover,48,7.6603,7.3453,64.8986,93560832,14144
1000000,1,off,hover,49,7.7513,7.307,64.8986,93560832,14144
1000000,1,off,hover,50,7.7556,7.4384,64.8986,93560832,14144
1000000,1,off,hover,51,8.0714,7.5662,64.8986,93560832,14144
1000000,1,off,hover,52,4.7547,4.4126,64.8986,93560832,14144
1000000,1,off,hover,53,4.9037,4.6981,64.8986,93560832,14144
1000000,1,off,hover,54,4.2598,4.0371,64.8986,93560832,14144
1000000,1,off,hover,55,4.4899,4.2614,64.8986,93560832,14144
1000000,1,off,hover,56,4.319,4.1434,64.8986,93560832,14144
1000000,1,off,hover,57,4.6366,4.4192,64.8986,93560832,14144
1000000,1,off,hover,58,4.3363,3.9548,64.8986,93560832,14144
1000000,1,off,hover,59,5.4142,5.2517,64.8986,93560832,14144
1000000,1,off,hover,60,4.5046,4.263,64.8986,93560832,14144
1000000,1,off,hover,61,6.0528,4.6169,64.8986,93560832,14144
1000000,1,off,hover,62,4.8361,4.4577,64.8986,93560832,14144
1000000,1,off,hover,63,5.0158,4.8498,64.8986,93560832,14144
1000000,1,off,hover,64,5.0257,4.4173,64.8986,93560832,14144
1000000,1,off,hover,65,4.3086,4.0663,64.8986,93560832,14144
1000000,1,off,hover,66,4.9676,4.7314,64.8986,93560832,14144
1000000,1,off,hover,67,4.7827,4.5562,64.8986,93560832,14144
1000000,1,off,hover,68,4.384,4.1508,64.8986,93560832,14144
1000000,1,off,hover,69,4.6894,4.4893,64.8986,93560832,14144
1000000,1,off,hover,70,4.8118,4.4848,64.8986,93560832,14144
1000000,1,off,hover,71,4.5652,4.3028,64.8986,93560832,14144
1000000,1,off,hover,72,7.2965,7.0567,64.8986,93560832,14144
1000000,1,off,hover,73,8.0902,7.7559,64.8986,93560832,14144
1000000,1,off,hover,74,7.4389,7.133,64.8986,93560832,14144
1000000,1,off,hover,75,7.5407,7.2522,64.8986,93560832,14144
1000000,1,off,hover,76,7.3616,7.0963,64.8986,93560832,14144
1000000,1,off,hover,77,7.6203,7.3489,64.8986,93560832,14144
1000000,1,off,hover,78,7.5038,7.2394,64.8986,93560832,14144
1000000,1,off,hover,79,7.5281,7.2495,64.8986,93560832,14144
1000000,1,off,hover,80,7.4816,7.207,64.8986,93560832,14144
1000000,1,off,hover,81,7.6763,7.3981,64.8986,93560832,14144
1000000,1,off,hover,82,7.3646,7.0936,64.8986,93560832,14144
1000000,1,off,hover,83,7.5466,7.2641,64.8986,93560832,14144
1000000,1,off,hover,84,7.6463,7.3509,64.8986,93560832,14144
1000000,1,off,hover,85,7.6438,7.2261,64.8986,93560832,14144
1000000,1,off,hover,86,5.7182,4.4407,64.8986,93560832,14144
1000000,1,off,hover,87,4.6155,4.3861,64.8986,93560832,14144
1000000,1,off,hover,88,4.7282,4.488,64.8986,93560832,14144
1000000,1,off,hover,89,4.5464,4.3156,64.8986,93560832,14144
1000000,1,off,hover,90,4.4405,4.2664,64.8986,93560832,14144
1000000,1,off,hover,91,4.2586,4.0794,64.8986,93560832,14144
1000000,1,off,hover,92,4.1304,3.8739,64.8986,93560832,14144
1000000,1,off,hover,93,4.4752,4.2945,64.8986,93560832,14144
1000000,1,off,hover,94,4.5637,4.1805,64.8986,93560832,14144
1000000,1,off,hover,95,5.7427,5.2536,64.8986,93560832,14144
1000000,1,off,hover,96,5.1075,4.8635,64.8986,93560832,14144
1000000,1,off,hover,97,6.5052,6.3124,64.8986,93560832,14144
1000000,1,off,hover,98,7.8473,7.4528,64.8986,93560832,14144
1000000,1,off,hover,99,7.6079,7.3103,64.8986,93560832,14144
1000000,1,off,hover,100,7.6146,7.3081,64.8986,93560832,14144
1000000,1,off,hover,101,7.9734,7.5828,64.8986,93560832,14144
1000000,1,off,hover,102,8.1004,7.5438,64.8986,93560832,14144
1000000,1,off,hover,103,5.2078,4.8762,64.8986,93560832,14144
1000000,1,off,hover,104,4.3358,4.1157,64.8986,93560832,14144
1000000,1,off,hover,105,4.69,4.5067,64.8986,93560832,14144
1000000,1,off,hover,106,4.3698,4.1204,64.8986,93560832,14144
1000000,1,off,hover,107,4.5477,4.1536,64.8986,93560832,14144
1000000,1,off,hover,108,4.6798,4.5117,64.8986,93560832,14144
1000000,1,off,hover,109,4.3466,4.1171,64.8986,93560832,14144
1000000,1,off,hover,110,4.0691,3.8509,64.8986,93560832,14144
1000000,1,off,hover,111,4.96,4.8033,64.8986,93560832,14144
1000000,1,off,hover,112,3.9316,3.7347,64.8986,93560832,14144
1000000,1,off,hover,113,4.6897,4.5562,64.8986,93560832,14144
1000000,1,off,hover,114,4.096,3.8973,64.8986,93560832,14144
1000000,1,off,hover,115,4.3311,3.9576,64.8986,93560832,14144
1000000,1,off,hover,116,4.7876,4.6255,64.8986,93560832,14144
1000000,1,off,hover,117,4.2059,3.9745,64.8986,93560832,14144
1000000,1,off,hover,118,4.2275,4.0407,64.8986,93560832,14144
1000000,1,off,hover,119,4.0446,3.8786,64.8986,93560832,14144
1000000,2,off,zoom,0,4.1485,4.0459,64.8986,93560832,14246
1000000,2,off,zoom,1,4.3204,4.2121,64.8986,93560832,14144
1000000,2,off,zoom,2,4.1324,3.9297,64.8986,93560832,14246
1000000,2,off,zoom,3,4.275,4.1752,64.8986,93560832,14144
1000000,2,off,zoom,4,3.9096,3.8052,64.8986,93560832,14246
1000000,2,off,zoom,5,4.318,4.2382,64.8986,93560832,14144
1000000,2,off,zoom,6,4.1639,4.0628,64.8986,93560832,14246
1000000,2,off,zoom,7,3.9172,3.8304,64.8986,93560832,14144
1000000,2,off,zoom,8,4.3905,4.2938,64.8986,93560832,14246
1000000,2,off,zoom,9,4.853,4.7063,64.8986,93560832,14144
1000000,2,off,zoom,10,6.8722,6.7589,64.8986,93560832,14246
1000000,2,off,zoom,11,9.6928,9.4289,64.8986,93560832,14144
1000000,2,off,zoom,12,8.8688,8.5754,64.8986,93560832,14246
1000000,2,off,zoom,13,9.0334,8.8074,64.8986,93560832,14144
1000000,2,off,zoom,14,9.4793,9.1793,64.8986,93560832,14246
1000000,2,off,zoom,15,9.052,8.7844,64.8986,93560832,14144
1000000,2,off,zoom,16,9.0773,8.8298,64.8986,93560832,14246
1000000,2,off,zoom,17,9.4692,9.1906,64.8986,93560832,14144
1000000,2,off,zoom,18,9.4097,9.1503,64.8986,93560832,14246
1000000,2,off,zoom,19,9.7167,9.4671,64.8986,93560832,14144
1000000,2,off,zoom,20,8.9465,8.6884,64.8986,93560832,14246
1000000,2,off,zoom,21,8.7963,8.5549,64.8986,93560832,14144
1000000,2,off,zoom,22,9.1372,8.8947,64.8986,93560832,14246
1000000,2,off,zoom,23,9.6252,9.3384,64.8986,93560832,14144
1000000,2,off,zoom,24,8.9814,8.7142,64.8986,93560832,14246
1000000,2,off,zoom,25,8.576,8.3639,64.8986,93560832,14144
1000000,2,off,zoom,26,8.799,8.5664,64.8986,93560832,14246
1000000,2,off,zoom,27,9.3012,9.0578,64.8986,93560832,14144
1000000,2,off,zoom,28,9.2983,9.0197,64.8986,93560832,14246
1000000,2,off,zoom,29,9.9563,9.6618,64.8986,93560832,14144
1000000,2,off,zoom,30,9.6539,9.2734,64.8986,93560832,14246
1000000,2,off,zoom,31,9.4254,9.1176,64.8986,93560832,14144
1000000,2,off,zoom,32,9.3439,9.0701,64.8986,93560832,14246
1000000,2,off,zoom,33,9.1502,8.8789,64.8986,93560832,14144
1000000,2,off,zoom,34,8.856,8.5721,64.8986,93560832,14246
1000000,2,off,zoom,35,8.8697,8.6248,64.8986,93560832,14144
1000000,2,off,zoom,36,8.3493,8.1086,64.8986,93560832,14246
1000000,2,off,zoom,37,8.1105,7.9102,64.8986,93560832,14144
1000000,2,off,zoom,38,8.2675,8.0436,64.8986,93560832,14246
1000000,2,off,zoom,39,8.2208,8.0547,64.8986,93560832,14144
1000000,2,off,zoom,40,8.8299,8.6173,64.8986,93560832,14246
1000000,2,off,zoom,41,8.2362,8.0201,64.8986,93560832,14144
1000000,2,off,zoom,42,8.3593,8.1665,64.8986,93560832,14246
1000000,2,off,zoom,43,8.7666,8.5637,64.8986,93560832,14144
1000000,2,off,zoom,44,8.5571,8.3129,64.8986,93560832,14246
1000000,2,off,zoom,45,8.7373,8.5005,64.8986,93560832,14144
1000000,2,off,zoom,46,8.3507,8.1818,64.8986,93560832,14246
1000000,2,off,zoom,47,8.568,8.3608,64.8986,93560832,14144
1000000,2,off,zoom,48,8.7106,8.4818,64.8986,93560832,14246
1000000,2,off,zoom,49,8.7666,8.546,64.8986,93560832,14144
1000000,2,off,zoom,50,8.5008,8.2494,64.8986,93560832,14246
1000000,2,off,zoom,51,8.2031,7.9873,64.8986,93560832,14144
1000000,2,off,zoom,52,8.0156,7.8516,64.8986,93560832,14246
1000000,2,off,zoom,53,8.1767,8.0001,64.8986,93560832,14144
1000000,2,off,zoom,54,7.7268,7.5495,64.8986,93560832,14246
1000000,2,off,zoom,55,8.3493,8.1076,64.8986,93560832,14144
1000000,2,off,zoom,56,8.0919,7.8766,64.8986,93560832,14246
1000000,2,off,zoom,57,8.1844,7.9933,64.8986,93560832,14144
1000000,2,off,zoom,58,8.1983,8.0397,64.8986,93560832,14246
1000000,2,off,zoom,59,8.0252,7.8587,64.8986,93560832,14144
1000000,2,off,zoom,60,7.9617,7.7493,64.8986,93560832,14246
1000000,2,off,zoom,61,8.4457,8.1667,64.8986,93560832,14144
1000000,2,off,zoom,62,7.7765,7.5855,64.8986,93560832,14246
1000000,2,off,zoom,63,7.4381,7.2776,64.8986,93560832,14144
1000000,2,off,zoom,64,7.5991,7.4439,64.8986,93560832,14246
1000000,2,off,zoom,65,7.3719,7.2125,64.8986,93560832,14144
1000000,2,off,zoom,66,7.6483,7.4924,64.8986,93560832,14246
1000000,2,off,zoom,67,7.9173,7.749,64.8986,93560832,14144
1000000,2,off,zoom,68,7.7766,7.6135,64.8986,93560832,14246
1000000,2,off,zoom,69,8.1246,7.9226,64.8986,93560832,14144
1000000,2,off,zoom,70,8.1934,8.002,64.8986,93560832,14246
1000000,2,off,zoom,71,8.057,7.8719,64.8986,93560832,14144
1000000,2,off,zoom,72,8.3385,8.1596,64.8986,93560832,14246
1000000,2,off,zoom,73,7.9839,7.8009,64.8986,93560832,14144
1000000,2,off,zoom,74,8.228,8.0033,64.8986,93560832,14246
1000000,2,off,zoom,75,8.1362,7.7765,64.8986,93560832,14144
1000000,2,off,zoom,76,7.4454,7.2507,64.8986,93560832,14246
1000000,2,off,zoom,77,7.5981,7.4131,64.8986,93560832,14144
1000000,2,off,zoom,78,7.3833,7.2135,64.8986,93560832,14246
1000000,2,off,zoom,79,7.5475,7.3833,64.8986,93560832,14144
1000000,2,off,zoom,80,7.6193,7.4528,64.8986,93560832,14246
1000000,2,off,zoom,81,7.6091,7.4471,64.8986,93560832,14144
1000000,2,off,zoom,82,7.385,7.2154,64.8986,93560832,14246
1000000,2,off,zoom,83,7.9999,7.7528,64.8986,93560832,14144
1000000,2,off,zoom,84,7.5491,7.3127,64.8986,93560832,14246
1000000,2,off,zoom,85,7.446,7.2118,64.8986,93560832,14144
1000000,2,off,zoom,86,7.4869,7.3317,64.8986,93560832,14246
1000000,2,off,zoom,87,7.2789,7.1216,64.8986,93560832,14144
1000000,2,off,zoom,88,7.372,7.2166,64.8986,93560832,14246
1000000,2,off,zoom,89,7.3214,7.1644,64.8986,93560832,14144
1000000,2,off,zoom,90,7.5507,7.3994,64.8986,93560832,14246
1000000,2,off,zoom,91,7.6835,7.5279,64.8986,93560832,14144
1000000,2,off,zoom,92,7.6436,7.4935,64.8986,93560832,14246
1000000,2,off,zoom,93,7.7336,7.5866,64.8986,93560832,14144
1000000,2,off,zoom,94,7.826,7.6502,64.8986,93560832,14246
1000000,2,off,zoom,95,7.7611,7.565,64.8986,93560832,14144
1000000,2,off,zoom,96,7.9111,7.6312,64.8986,93560832,14246
1000000,2,off,zoom,97,7.358,7.1912,64.8986,93560832,14144
1000000,2,off,zoom,98,7.4739,7.3253,64.8986,93560832,14246
1000000,2,off,zoom,99,7.6913,7.5292,64.8986,93560832,14144
1000000,2,off,zoom,100,7.5287,7.3665,64.8986,93560832,14246
1000000,2,off,zoom,101,7.3267,7.1774,64.8986,93560832,14144
1000000,2,off,zoom,102,7.3874,7.2358,64.8986,93577216,14246
1000000,2,off,zoom,103,7.535,7.3755,64.8986,93577216,14144
1000000,2,off,zoom,104,7.2946,7.1318,64.8986,93577216,14246
1000000,2,off,zoom,105,7.5447,7.3772,64.8986,93577216,14144
1000000,2,off,zoom,106,7.3814,7.2315,64.8986,93577216,14246
1000000,2,off,zoom,107,7.3323,7.1761,64.8986,93577216,14144
1000000,2,off,zoom,108,7.1744,7.0183,64.8986,93577216,14246
1000000,2,off,zoom,109,7.8344,7.6819,64.8986,93577216,14144
1000000,2,off,zoom,110,9.0498,8.8453,64.8986,93577216,14246
1000000,2,off,zoom,111,7.8868,7.6786,64.8986,93577216,14144
1000000,2,off,zoom,112,7.5679,7.3941,64.8986,93577216,14246
1000000,2,off,zoom,113,7.5379,7.3662,64.8986,93577216,14144
1000000,2,off,zoom,114,7.6899,7.5091,64.8986,93577216,14246
1000000,2,off,zoom,115,7.3705,7.1782,64.8986,93577216,14144
1000000,2,off,zoom,116,7.7713,7.5846,64.8986,93577216,14246
1000000,2,off,zoom,117,7.4715,7.1611,64.8986,93577216,14144
1000000,2,off,zoom,118,7.2581,7.0783,64.8986,93577216,14246
1000000,2,off,zoom,119,7.2549,7.1019,64.8986,93577216,14144
1000000,2,off,pan,0,6.9261,6.7783,64.8986,93577216,14246
1000000,2,off,pan,1,7.5223,7.3772,64.8986,93577216,14246
1000000,2,off,pan,2,7.2198,7.073,64.8986,93577216,14246
1000000,2,off,pan,3,7.2401,7.0924,64.8986,93577216,14246
1000000,2,off,pan,4,7.035,6.8749,64.8986,93577216,14246
1000000,2,off,pan,5,7.0411,6.8648,64.8986,93577216,14246
1000000,2,off,pan,6,7.0006,6.8467,64.8986,93577216,14246
1000000,2,off,pan,7,7.1796,7.0345,64.8986,93577216,14246
1000000,2,off,pan,8,7.0175,6.8693,64.8986,93577216,14246
1000000,2,off,pan,9,7.3175,7.1453,64.8986,93577216,14246
1000000,2,off,pan,10,7.3089,7.1204,64.8986,93577216,14246
1000000,2,off,pan,11,7.3577,7.1929,64.8986,93577216,14246
1000000,2,off,pan,12,7.1067,6.9666,64.8986,93577216,14246
1000000,2,off,pan,13,7.007,6.855,64.8986,93577216,14246
1000000,2,off,pan,14,7.0151,6.8687,64.8986,93577216,14246
1000000,2,off,pan,15,7.2952,7.1286,64.8986,93577216,14246
1000000,2,off,pan,16,7.7886,7.5962,64.8986,93577216,14246
1000000,2,off,pan,17,8.3951,8.2129,64.8986,93577216,14246
1000000,2,off,pan,18,8.2013,7.9211,64.8986,93577216,14246
1000000,2,off,pan,19,7.3771,7.2095,64.8986,93577216,14246
1000000,2,off,pan,20,7.3481,7.1683,64.8986,93577216,14246
1000000,2,off,pan,21,7.1513,6.987,64.8986,93577216,14246
1000000,2,off,pan,22,7.0656,6.8833,64.8986,93577216,14246
1000000,2,off,pan,23,7.5276,7.359,64.8986,93577216,14246
1000000,2,off,pan,24,7.447,7.2728,64.8986,93577216,14246
1000000,2,off,pan,25,7.454,7.2868,64.8986,93577216,14246
1000000,2,off,pan,26,7.2353,7.0767,64.8986,93577216,14246
1000000,2,off,pan,27,7.1958,7.0424,64.8986,93577216,14246
1000000,2,off,pan,28,7.5767,7.415,64.8986,93577216,14246
1000000,2,off,pan,29,7.1441,6.9774,64.8986,93577216,14246
1000000,2,off,pan,30,7.619,7.4568,64.8986,93577216,14246
1000000,2,off,pan,31,7.2981,7.1303,64.8986,93577216,14246
1000000,2,off,pan,32,7.8518,7.6859,64.8986,93577216,14246
1000000,2,off,pan,33,7.284,7.0817,64.8986,93577216,14246
1000000,2,off,pan,34,7.1252,6.9481,64.8986,93577216,14246
1000000,2,off,pan,35,6.9978,6.8352,64.8986,93577216,14246
1000000,2,off,pan,36,7.3947,7.2346,64.8986,93577216,14246
1000000,2,off,pan,37,7.4,7.2036,64.8986,93577216,14246
1000000,2,off,pan,38,7.1562,6.9989,64.8986,93577216,14246
1000000,2,off,pan,39,7.5181,7.3461,64.8986,93577216,14246
1000000,2,off,pan,40,7.5701,7.3676,64.8986,93577216,14246
1000000,2,off,pan,41,6.9442,6.7902,64.8986,93577216,14246
1000000,2,off,pan,42,7.0268,6.878,64.8986,93577216,14246
1000000,2,off,pan,43,7.4522,7.304,64.8986,93577216,14246
1000000,2,off,pan,44,7.1288,6.9769,64.8986,93577216,14246
1000000,2,off,pan,45,7.3003,7.1244,64.8986,93577216,14246
1000000,2,off,pan,46,7.4421,7.2496,64.8986,93577216,14246
1000000,2,off,pan,47,7.3408,7.131,64.8986,93577216,14246
1000000,2,off,pan,48,8.0634,7.902,64.8986,93577216,14246
1000000,2,off,pan,49,7.5443,7.3516,64.8986,93577216,14246
1000000,2,off,pan,50,7.345,7.1804,64.8986,93577216,14246
1000000,2,off,pan,51,7.4431,7.2846,64.8986,93577216,14246
1000000,2,off,pan,52,7.6065,7.4471,64.8986,93577216,14246
1000000,2,off,pan,53,7.2909,7.1197,64.8986,93577216,14246
1000000,2,off,pan,54,7.2342,7.0759,64.8986,93577216,14246
1000000,2,off,pan,55,7.4347,7.2758,64.8986,93577216,14246
1000000,2,off,pan,56,7.5434,7.3806,64.8986,93577216,14246
1000000,2,off,pan,57,8.7246,8.5475,64.8986,93577216,14246
1000000,2,off,pan,58,7.9448,7.7129,64.8986,93577216,14246
1000000,2,off,pan,59,8.2051,8.0199,64.8986,93577216,14246
1000000,2,off,pan,60,8.1397,7.9095,64.8986,93577216,14246
1000000,2,off,pan,61,9.1146,8.8544,64.8986,93577216,14246
1000000,2,off,pan,62,9.5522,9.1897,64.8986,93577216,14246
1000000,2,off,pan,63,9.0786,8.7878,64.8986,93577216,14246
1000000,2,off,pan,64,8.1094,7.9199,64.8986,93577216,14246
1000000,2,off,pan,65,7.1995,7.0252,64.8986,93577216,14246
1000000,2,off,pan,66,7.2217,7.0697,64.8986,93577216,14246
1000000,2,off,pan,67,7.3727,7.2089,64.8986,93577216,14246
1000000,2,off,pan,68,7.3713,7.198,64.8986,93577216,14246
1000000,2,off,pan,69,5.6885,5.4002,64.8986,93577216,14246
1000000,2,off,pan,70,4.9536,4.666,64.8986,93577216,14246
1000000,2,off,pan,71,5.7385,5.5837,64.8986,93577216,14246
1000000,2,off,pan,72,7.7361,7.4583,64.8986,93577216,14246
1000000,2,off,pan,73,7.6605,7.4724,64.8986,93577216,14246
1000000,2,off,pan,74,7.1716,6.9258,64.8986,93577216,14246
1000000,2,off,pan,75,7.7737,7.5891,64.8986,93577216,14246
1000000,2,off,pan,76,8.0437,7.8322,64.8986,93577216,14246
1000000,2,off,pan,77,7.8958,7.6626,64.8986,93577216,14246
1000000,2,off,pan,78,8.223,7.91,64.8986,93577216,14246
1000000,2,off,pan,79,7.8273,7.6269,64.8986,93577216,14246
1000000,2,off,pan,80,7.7473,7.5051,64.8986,93577216,14246
1000000,2,off,pan,81,7.416,7.1823,64.8986,93577216,14246
1000000,2,off,pan,82,7.2185,7.0278,64.8986,93577216,14246
1000000,2,off,pan,83,7.4118,7.216,64.8986,93577216,14246
1000000,2,off,pan,84,8.5697,8.3558,64.8986,93577216,14246
1000000,2,off,pan,85,5.9422,5.7662,64.8986,93577216,14246
1000000,2,off,pan,86,4.8127,4.6338,64.8986,93577216,14246
1000000,2,off,pan,87,6.6516,6.4837,64.8986,93577216,14246
1000000,2,off,pan,88,8.1314,7.8692,64.8986,93577216,14246
1000000,2,off,pan,89,7.644,7.4307,64.8986,93577216,14246
1000000,2,off,pan,90,7.4244,7.1052,64.8986,93577216,14246
1000000,2,off,pan,91,7.5884,7.3336,64.8986,93577216,14246
1000000,2,off,pan,92,7.3292,7.0675,64.8986,93577216,14246
1000000,2,off,pan,93,7.3508,7.1601,64.8986,93577216,14246
1000000,2,off,pan,94,5.5797,5.2856,64.8986,93577216,14246
1000000,2,off,pan,95,5.5559,5.137,64.8986,93577216,14246
1000000,2,off,pan,96,4.5622,4.37,64.8986,93577216,14246
1000000,2,off,pan,97,5.1278,4.9017,64.8986,93577216,14246
1000000,2,off,pan,98,5.2933,4.9616,64.8986,93577216,14246
1000000,2,off,pan,99,4.4509,4.3133,64.8986,93577216,14246
1000000,2,off,pan,100,5.8107,5.4342,64.8986,93577216,14246
1000000,2,off,pan,101,5.4936,5.3156,64.8986,93577216,14246
1000000,2,off,pan,102,4.9281,4.7575,64.8986,93577216,14246
1000000,2,off,pan,103,5.0219,4.8753,64.8986,93577216,14246
1000000,2,off,pan,104,4.8739,4.651,64.8986,93577216,14246
1000000,2,off,pan,105,5.1782,5.0384,64.8986,93577216,14246
1000000,2,off,pan,106,7.0932,6.943,64.8986,93577216,14246
1000000,2,off,pan,107,7.9214,7.7218,64.8986,93577216,14246
1000000,2,off,pan,108,7.4169,7.2079,64.8986,93577216,14246
1000000,2,off,pan,109,7.5221,7.2875,64.8986,93577216,14246
1000000,2,off,pan,110,7.4002,7.1615,64.8986,93577216,14246
1000000,2,off,pan,111,7.4069,7.1794,64.8986,93577216,14246
1000000,2,off,pan,112,7.4143,7.2176,64.8986,93577216,14246
1000000,2,off,pan,113,7.1169,6.9287,64.8986,93577216,14246
1000000,2,off,pan,114,7.1662,6.9596,64.8986,93577216,14246
1000000,2,off,pan,115,7.3502,7.1581,64.8986,93577216,14246
1000000,2,off,pan,116,7.9082,7.7144,64.8986,93577216,14246
1000000,2,off,pan,117,8.2615,8.0401,64.8986,93577216,14246
1000000,2,off,pan,118,10.4712,10.1947,64.8986,93577216,14246
1000000,2,off,pan,119,8.5211,8.2844,64.8986,93577216,14246
1000000,2,off,hover,0,10.7986,9.7841,64.8986,93577216,14144
1000000,2,off,hover,1,10.2325,9.4808,64.8986,93577216,14144
1000000,2,off,hover,2,9.7226,9.2227,64.8986,93577216,14144
1000000,2,off,hover,3,8.4469,8.0293,64.8986,93577216,14144
1000000,2,off,hover,4,8.2916,7.8982,64.8986,93577216,14144
1000000,2,off,hover,5,8.0916,7.7614,64.8986,93577216,14144
1000000,2,off,hover,6,8.1061,7.7081,64.8986,93577216,14144
1000000,2,off,hover,7,8.2393,7.8835,64.8986,93577216,14144
1000000,2,off,hover,8,8.0133,7.6525,64.8986,93577216,14144
1000000,2,off,hover,9,7.9633,7.5957,64.8986,93577216,14144
1000000,2,off,hover,10,8.6797,8.3629,64.8986,93577216,14144
1000000,2,off,hover,11,9.2315,8.7935,64.8986,93577216,14144
1000000,2,off,hover,12,8.6502,8.083,64.8986,93577216,14144
1000000,2,off,hover,13,8.2393,7.845,64.8986,93577216,14144
1000000,2,off,hover,14,8.2086,7.8054,64.8986,93577216,14144
1000000,2,off,hover,15,8.3587,7.9897,64.8986,93577216,14144
1000000,2,off,hover,16,7.929,7.6033,64.8986,93577216,14144
1000000,2,off,hover,17,6.7456,5.8664,64.8986,93577216,14144
1000000,2,off,hover,18,5.0322,4.6332,64.8986,93577216,14144
1000000,2,off,hover,19,5.9169,5.2827,64.8986,93577216,14144
1000000,2,off,hover,20,8.8996,8.4146,64.8986,93577216,14144
1000000,2,off,hover,21,11.0027,10.5028,64.8986,93577216,14144
1000000,2,off,hover,22,10.3754,9.7635,64.8986,93577216,14144
1000000,2,off,hover,23,11.2027,10.2157,64.8986,93577216,14144
1000000,2,off,hover,24,9.0436,8.6173,64.8986,93577216,14144
1000000,2,off,hover,25,10.3068,9.8334,64.8986,93577216,14144
1000000,2,off,hover,26,8.2234,7.775,64.8986,93577216,14144
1000000,2,off,hover,27,8.1812,7.7853,64.8986,93577216,14144
1000000,2,off,hover,28,8.8958,8.2951,64.8986,93577216,14144
1000000,2,off,hover,29,8.0465,7.6523,64.8986,93577216,14144
1000000,2,off,hover,30,7.9953,7.5148,64.8986,93577216,14144
1000000,2,off,hover,31,6.4615,6.1361,64.8986,93577216,14144
1000000,2,off,hover,32,5.5546,4.9678,64.8986,93577216,14144
1000000,2,off,hover,33,8.9011,8.4719,64.8986,93577216,14144
1000000,2,off,hover,34,7.842,7.4658,64.8986,93577216,14144
1000000,2,off,hover,35,8.5994,8.2662,64.8986,93577216,14144
1000000,2,off,hover,36,8.8452,8.4715,64.8986,93577216,14144
1000000,2,off,hover,37,8.8051,8.1178,64.8986,93577216,14144
1000000,2,off,hover,38,8.0938,7.5797,64.8986,93577216,14144
1000000,2,off,hover,39,7.7508,7.385,64.8986,93577216,14144
1000000,2,off,hover,40,8.0138,7.6113,64.8986,93577216,14144
1000000,2,off,hover,41,8.0155,7.6032,64.8986,93577216,14144
1000000,2,off,hover,42,9.1136,8.0722,64.8986,93577216,14144
1000000,2,off,hover,43,9.2384,7.8387,64.8986,93577216,14144
1000000,2,off,hover,44,7.8485,7.4809,64.8986,93577216,14144
1000000,2,off,hover,45,7.6003,7.2537,64.8986,93577216,14144
1000000,2,off,hover,46,5.4135,5.1077,64.8986,93577216,14144
1000000,2,off,hover,47,4.8418,4.5383,64.8986,93577216,14144
1000000,2,off,hover,48,4.555,4.2952,64.8986,93577216,14144
1000000,2,off,hover,49,4.0915,3.9263,64.8986,93577216,14144
1000000,2,off,hover,50,4.249,4.0924,64.8986,93577216,14144
1000000,2,off,hover,51,4.3534,3.9453,64.8986,93577216,14144
1000000,2,off,hover,52,4.4419,4.2857,64.8986,93577216,14144
1000000,2,off,hover,53,4.6748,4.5124,64.8986,93577216,14144
1000000,2,off,hover,54,4.0784,3.9113,64.8986,93577216,14144
1000000,2,off,hover,55,4.6651,4.4719,64.8986,93577216,14144
1000000,2,off,hover,56,4.0477,3.842,64.8986,93577216,14144
1000000,2,off,hover,57,4.3075,4.1608,64.8986,93577216,14144
1000000,2,off,hover,58,4.0633,3.8835,64.8986,93577216,14144
1000000,2,off,hover,59,4.2217,4.0495,64.8986,93577216,14144
1000000,2,off,hover,60,4.0632,3.9212,64.8986,93577216,14144
1000000,2,off,hover,61,4.0455,3.9103,64.8986,93577216,14144
1000000,2,off,hover,62,4.018,3.8557,64.8986,93577216,14144
1000000,2,off,hover,63,4.3635,4.2298,64.8986,93577216,14144
1000000,2,off,hover,64,4.6797,4.2344,64.8986,93577216,14144
1000000,2,off,hover,65,7.0967,6.9219,64.8986,93577216,14144
1000000,2,off,hover,66,7.3373,7.0491,64.8986,93577216,14144
1000000,2,off,hover,67,7.2558,7.0146,64.8986,93577216,14144
1000000,2,off,hover,68,7.4603,7.2154,64.8986,93577216,14144
1000000,2,off,hover,69,9.5391,9.2287,64.8986,93577216,14144
1000000,2,off,hover,70,8.7409,8.3772,64.8986,93577216,14144
1000000,2,off,hover,71,7.5645,7.2148,64.8986,93577216,14144
1000000,2,off,hover,72,7.2782,7.0194,64.8986,93577216,14144
1000000,2,off,hover,73,7.3457,7.0987,64.8986,93577216,14144
1000000,2,off,hover,74,7.4672,7.2139,64.8986,93577216,14144
1000000,2,off,hover,75,7.5331,7.2437,64.8986,93577216,14144
1000000,2,off,hover,76,7.2805,7.0206,64.8986,93577216,14144
1000000,2,off,hover,77,7.2709,7.0365,64.8986,93577216,14144
1000000,2,off,hover,78,7.3238,7.081,64.8986,93577216,14144
1000000,2,off,hover,79,7.3185,7.0802,64.8986,93577216,14144
1000000,2,off,hover,80,7.4043,7.1496,64.8986,93577216,14144
1000000,2,off,hover,81,7.2731,7.018,64.8986,93577216,14144
1000000,2,off,hover,82,7.3095,7.0693,64.8986,93577216,14144
1000000,2,off,hover,83,7.3239,7.0969,64.8986,93577216,14144
1000000,2,off,hover,84,7.4229,7.1836,64.8986,93577216,14144
1000000,2,off,hover,85,7.2905,7.0452,64.8986,93577216,14144
1000000,2,off,hover,86,7.4608,7.195,64.8986,93577216,14144
1000000,2,off,hover,87,7.3456,7.0965,64.8986,93577216,14144
1000000,2,off,hover,88,7.3419,7.0911,64.8986,93577216,14144
1000000,2,off,hover,89,7.4758,7.1834,64.8986,93577216,14144
1000000,2,off,hover,90,7.3793,7.1143,64.8986,93577216,14144
1000000,2,off,hover,91,4.5079,4.1172,64.8986,93577216,14144
1000000,2,off,hover,92,3.9875,3.7585,64.8986,93577216,14144
1000000,2,off,hover,93,3.9237,3.7722,64.8986,93577216,14144
1000000,2,off,hover,94,4.8627,3.768,64.8986,93577216,14144
1000000,2,off,hover,95,3.853,3.7075,64.8986,93577216,14144
1000000,2,off,hover,96,3.8265,3.6829,64.8986,93577216,14144
1000000,2,off,hover,97,4.2585,3.9752,64.8986,93577216,14144
1000000,2,off,hover,98,3.7667,3.5973,64.8986,93577216,14144
1000000,2,off,hover,99,4.1026,3.984,64.8986,93577216,14144
1000000,2,off,hover,100,4.0588,3.8951,64.8986,93577216,14144
1000000,2,off,hover,101,3.9853,3.8292,64.8986,93577216,14144
1000000,2,off,hover,102,3.8155,3.6641,64.8986,93577216,14144
1000000,2,off,hover,103,3.9842,3.8242,64.8986,93577216,14144
1000000,2,off,hover,104,4.1758,3.8893,64.8986,93577216,14144
1000000,2,off,hover,105,3.9677,3.7998,64.8986,93577216,14144
1000000,2,off,hover,106,3.8657,3.7212,64.8986,93577216,14144
1000000,2,off,hover,107,3.8496,3.6924,64.8986,93577216,14144
1000000,2,off,hover,108,3.9727,3.8371,64.8986,93577216,14144
1000000,2,off,hover,109,4.5733,3.9735,64.8986,93577216,14144
1000000,2,off,hover,110,4.0207,3.835,64.8986,93577216,14144
1000000,2,off,hover,111,4.2726,4.1204,64.8986,93577216,14144
1000000,2,off,hover,112,3.9128,3.7633,64.8986,93577216,14144
1000000,2,off,hover,113,4.0545,3.9291,64.8986,93577216,14144
1000000,2,off,hover,114,4.0403,3.8886,64.8986,93577216,14144
1000000,2,off,hover,115,3.8814,3.7333,64.8986,93577216,14144
1000000,2,off,hover,116,4.0423,3.8952,64.8986,93577216,14144
1000000,2,off,hover,117,3.8502,3.7034,64.8986,93577216,14144
1000000,2,off,hover,118,3.7767,3.6639,64.8986,93577216,14144
1000000,2,off,hover,119,4.1334,4.0152,64.8986,93577216,14144
1000000,2,on,zoom,0,4.0514,3.9525,64.8986,93577216,14246
1000000,2,on,zoom,1,4.2745,4.1848,64.8986,93577216,14144
1000000,2,on,zoom,2,3.7816,3.6967,64.8986,93577216,14246
1000000,2,on,zoom,3,4.2246,4.1341,64.8986,93577216,14144
1000000,2,on,zoom,4,4.1315,4.0529,64.8986,93577216,14246
1000000,2,on,zoom,5,4.2459,4.0721,64.8986,93577216,14144
1000000,2,on,zoom,6,4.1511,4.0393,64.8986,93577216,14246
1000000,2,on,zoom,7,6.4154,6.277,64.8986,93577216,14144
1000000,2,on,zoom,8,7.9285,7.7421,64.8986,93577216,14246
1000000,2,on,zoom,9,8.6383,8.4591,64.8986,93577216,14144
1000000,2,on,zoom,10,8.5216,8.3461,64.8986,93577216,14246
1000000,2,on,zoom,11,8.7443,8.5759,64.8986,93577216,14144
1000000,2,on,zoom,12,8.4994,8.3332,64.8986,93577216,14246
1000000,2,on,zoom,13,7.5687,7.3666,64.8986,93577216,14144
1000000,2,on,zoom,14,7.2573,7.1161,64.8986,93577216,14246
1000000,2,on,zoom,15,7.343,7.206,64.8986,93577216,14144
1000000,2,on,zoom,16,7.2215,7.0837,64.8986,93577216,14246
1000000,2,on,zoom,17,7.2898,7.1608,64.8986,93577216,14144
1000000,2,on,zoom,18,7.1987,7.0692,64.8986,93577216,14246
1000000,2,on,zoom,19,6.4753,6.3284,64.8986,93577216,14144
1000000,2,on,zoom,20,4.22,4.1254,64.8986,93577216,14246
1000000,2,on,zoom,21,3.9688,3.8892,64.8986,93577216,14144
1000000,2,on,zoom,22,3.8771,3.8012,64.8986,93577216,14246
1000000,2,on,zoom,23,3.9937,3.9204,64.8986,93577216,14144
1000000,2,on,zoom,24,4.0267,3.9458,64.8986,93577216,14246
1000000,2,on,zoom,25,4.2016,3.9987,64.8986,93577216,14144
1000000,2,on,zoom,26,4.0072,3.9245,64.8986,93577216,14246
1000000,2,on,zoom,27,3.9784,3.897,64.8986,93577216,14144
1000000,2,on,zoom,28,5.006,4.9074,64.8986,93577216,14246
1000000,2,on,zoom,29,4.5054,4.3321,64.8986,93577216,14144
1000000,2,on,zoom,30,4.7909,4.6625,64.8986,93577216,14246
1000000,2,on,zoom,31,4.7618,4.6218,64.8986,93577216,14144
1000000,2,on,zoom,32,4.4541,4.3228,64.8986,93577216,14246
1000000,2,on,zoom,33,4.6401,4.5102,64.8986,93577216,14144
1000000,2,on,zoom,34,7.4424,7.2863,64.8986,93577216,14246
1000000,2,on,zoom,35,7.3847,7.2303,64.8986,93577216,14144
1000000,2,on,zoom,36,7.3671,7.2285,64.8986,93577216,14246
1000000,2,on,zoom,37,7.4132,7.2815,64.8986,93577216,14144
1000000,2,on,zoom,38,7.2692,7.1428,64.8986,93577216,14246
1000000,2,on,zoom,39,7.3261,7.1964,64.8986,93577216,14144
1000000,2,on,zoom,40,7.233,7.1122,64.8986,93577216,14246
1000000,2,on,zoom,41,7.3039,7.1782,64.8986,93577216,14144
1000000,2,on,zoom,42,7.2192,7.093,64.8986,93577216,14246
1000000,2,on,zoom,43,7.2869,7.1606,64.8986,93577216,14144
1000000,2,on,zoom,44,7.1577,7.029,64.8986,93577216,14246
1000000,2,on,zoom,45,7.293,7.1613,64.8986,93577216,14144
1000000,2,on,zoom,46,7.2293,7.0877,64.8986,93577216,14246
1000000,2,on,zoom,47,7.5318,7.3851,64.8986,93577216,14144
1000000,2,on,zoom,48,7.5361,7.3354,64.8986,93577216,14246
1000000,2,on,zoom,49,7.5875,7.4256,64.8986,93577216,14144
1000000,2,on,zoom,50,7.3926,7.2329,64.8986,93577216,14246
1000000,2,on,zoom,51,7.4439,7.2856,64.8986,93577216,14144
1000000,2,on,zoom,52,7.4152,7.2649,64.8986,93577216,14246
1000000,2,on,zoom,53,7.4574,7.3106,64.8986,93577216,14144
1000000,2,on,zoom,54,7.4457,7.3047,64.8986,93577216,14246
1000000,2,on,zoom,55,7.4077,7.2798,64.8986,93577216,14144
1000000,2,on,zoom,56,7.4081,7.2627,64.8986,93577216,14246
1000000,2,on,zoom,57,7.3994,7.2467,64.8986,93577216,14144
1000000,2,on,zoom,58,7.3366,7.2049,64.8986,93577216,14246
1000000,2,on,zoom,59,7.2714,7.1375,64.8986,93577216,14144
1000000,2,on,zoom,60,7.2981,7.1705,64.8986,93577216,14246
1000000,2,on,zoom,61,7.3084,7.1825,64.8986,93577216,14144
1000000,2,on,zoom,62,7.3103,7.1824,64.8986,93577216,14246
1000000,2,on,zoom,63,7.2484,7.1212,64.8986,93577216,14144
1000000,2,on,zoom,64,7.2822,7.1518,64.8986,93577216,14246
1000000,2,on,zoom,65,7.4913,7.3402,64.8986,93577216,14144
1000000,2,on,zoom,66,7.5717,7.3936,64.8986,93577216,14246
1000000,2,on,zoom,67,7.5442,7.3401,64.8986,93577216,14144
1000000,2,on,zoom,68,7.531,7.3274,64.8986,93577216,14246
1000000,2,on,zoom,69,7.4115,7.224,64.8986,93577216,14144
1000000,2,on,zoom,70,7.3799,7.2305,64.8986,93577216,14246
1000000,2,on,zoom,71,7.7412,7.5783,64.8986,93577216,14144
1000000,2,on,zoom,72,7.9147,7.754,64.8986,93577216,14246
1000000,2,on,zoom,73,7.4378,7.2454,64.8986,93577216,14144
1000000,2,on,zoom,74,7.3668,7.2219,64.8986,93577216,14246
1000000,2,on,zoom,75,7.3261,7.1741,64.8986,93577216,14144
1000000,2,on,zoom,76,7.4269,7.2867,64.8986,93577216,14246
1000000,2,on,zoom,77,7.4364,7.2936,64.8986,93577216,14144
1000000,2,on,zoom,78,7.3585,7.2062,64.8986,93577216,14246
1000000,2,on,zoom,79,7.4376,7.2829,64.8986,93577216,14144
1000000,2,on,zoom,80,7.2443,7.091,64.8986,93577216,14246
1000000,2,on,zoom,81,7.3214,7.1741,64.8986,93577216,14144
1000000,2,on,zoom,82,7.3656,7.1996,64.8986,93577216,14246
1000000,2,on,zoom,83,7.3857,7.236,64.8986,93577216,14144
1000000,2,on,zoom,84,7.3226,7.1757,64.8986,93577216,14246
1000000,2,on,zoom,85,7.3885,7.2601,64.8986,93577216,14144
1000000,2,on,zoom,86,7.2935,7.1656,64.8986,93577216,14246
1000000,2,on,zoom,87,7.3997,7.2635,64.8986,93577216,14144
1000000,2,on,zoom,88,7.2802,7.1323,64.8986,93577216,14246
1000000,2,on,zoom,89,7.6559,7.4999,64.8986,93577216,14144
1000000,2,on,zoom,90,7.4309,7.2513,64.8986,93577216,14246
1000000,2,on,zoom,91,7.4225,7.2829,64.8986,93577216,14144
1000000,2,on,zoom,92,7.2898,7.1622,64.8986,93577216,14246
1000000,2,on,zoom,93,7.2494,7.1251,64.8986,93577216,14144
1000000,2,on,zoom,94,7.2497,7.1262,64.8986,93577216,14246
1000000,2,on,zoom,95,7.361,7.2323,64.8986,93577216,14144
1000000,2,on,zoom,96,7.3093,7.1803,64.8986,93577216,14246
1000000,2,on,zoom,97,7.3114,7.188,64.8986,93577216,14144
1000000,2,on,zoom,98,7.252,7.1279,64.8986,93577216,14246
1000000,2,on,zoom,99,7.2709,7.139,64.8986,93577216,14144
1000000,2,on,zoom,100,7.2574,7.1186,64.8986,93577216,14246
1000000,2,on,zoom,101,7.4683,7.3299,64.8986,93577216,14144
1000000,2,on,zoom,102,7.387,7.2563,64.8986,93577216,14246
1000000,2,on,zoom,103,7.4305,7.2971,64.8986,93577216,14144
1000000,2,on,zoom,104,7.4899,7.3538,64.8986,93577216,14246
1000000,2,on,zoom,105,7.38,7.2397,64.8986,93577216,14144
1000000,2,on,zoom,106,7.2548,7.1247,64.8986,93577216,14246
1000000,2,on,zoom,107,7.2904,7.1581,64.8986,93577216,14144
1000000,2,on,zoom,108,7.2746,7.1286,64.8986,93577216,14246
1000000,2,on,zoom,109,7.3346,7.2057,64.8986,93577216,14144
1000000,2,on,zoom,110,7.2999,7.1684,64.8986,93577216,14246
1000000,2,on,zoom,111,7.348,7.2187,64.8986,93577216,14144
1000000,2,on,zoom,112,7.2906,7.1496,64.8986,93577216,14246
1000000,2,on,zoom,113,7.3882,7.2518,64.8986,93577216,14144
1000000,2,on,zoom,114,7.2104,7.0817,64.8986,93577216,14246
1000000,2,on,zoom,115,7.3999,7.2763,64.8986,93577216,14144
1000000,2,on,zoom,116,7.1564,7.031,64.8986,93577216,14246
1000000,2,on,zoom,117,7.2966,7.163,64.8986,93577216,14144
1000000,2,on,zoom,118,7.2934,7.1525,64.8986,93577216,14246
1000000,2,on,zoom,119,7.3566,7.201,64.8986,93577216,14144
1000000,2,on,pan,0,6.1889,6.0673,64.8986,93577216,14246
1000000,2,on,pan,1,6.9848,6.8629,64.8986,93577216,14246
1000000,2,on,pan,2,6.955,6.8318,64.8986,93577216,14246
1000000,2,on,pan,3,6.9568,6.8327,64.8986,93577216,14246
1000000,2,on,pan,4,6.9936,6.8644,64.8986,93577216,14246
1000000,2,on,pan,5,6.9796,6.8594,64.8986,93577216,14246
1000000,2,on,pan,6,6.9421,6.8215,64.8986,93577216,14246
1000000,2,on,pan,7,7.118,6.9921,64.8986,94146560,14246
1000000,2,on,pan,8,6.883,6.7461,64.8986,94146560,14246
1000000,2,on,pan,9,6.8778,6.7498,64.8986,94146560,14246
1000000,2,on,pan,10,6.8308,6.6954,64.8986,94146560,14246
1000000,2,on,pan,11,6.9683,6.8295,64.8986,94146560,14246
1000000,2,on,pan,12,6.9946,6.8564,64.8986,94146560,14246
1000000,2,on,pan,13,6.9846,6.8555,64.8986,94146560,14246
1000000,2,on,pan,14,6.9547,6.8302,64.8986,94146560,14246
1000000,2,on,pan,15,7.0136,6.8765,64.8986,94146560,14246
1000000,2,on,pan,16,6.9189,6.7923,64.8986,94146560,14246
1000000,2,on,pan,17,6.8943,6.765,64.8986,94146560,14246
1000000,2,on,pan,18,6.859,6.731,64.8986,94146560,14246
1000000,2,on,pan,19,6.9792,6.856,64.8986,94146560,14246
1000000,2,on,pan,20,6.9628,6.8342,64.8986,94146560,14246
1000000,2,on,pan,21,7.0059,6.8757,64.8986,94146560,14246
1000000,2,on,pan,22,7.0009,6.8735,64.8986,94146560,14246
1000000,2,on,pan,23,6.9365,6.8096,64.8986,94146560,14246
1000000,2,on,pan,24,6.9044,6.7716,64.8986,94146560,14246
1000000,2,on,pan,25,6.9758,6.8446,64.8986,94146560,14246
1000000,2,on,pan,26,6.9528,6.8235,64.8986,94146560,14246
1000000,2,on,pan,27,6.9723,6.8445,64.8986,94146560,14246
1000000,2,on,pan,28,6.9872,6.8608,64.8986,94146560,14246
1000000,2,on,pan,29,6.9095,6.7787,64.8986,94146560,14246
1000000,2,on,pan,30,6.8815,6.7533,64.8986,94146560,14246
1000000,2,on,pan,31,6.9249,6.8013,64.8986,94146560,14246
1000000,2,on,pan,32,6.9977,6.8687,64.8986,94146560,14246
1000000,2,on,pan,33,6.8822,6.7368,64.8986,94146560,14246
1000000,2,on,pan,34,7.0092,6.859,64.8986,94146560,14246
1000000,2,on,pan,35,6.9598,6.8222,64.8986,94146560,14246
1000000,2,on,pan,36,6.9303,6.7976,64.8986,94146560,14246
1000000,2,on,pan,37,7.0295,6.8668,64.8986,94146560,14246
1000000,2,on,pan,38,7.0523,6.9071,64.8986,94146560,14246
1000000,2,on,pan,39,7.0533,6.9048,64.8986,94146560,14246
1000000,2,on,pan,40,6.9091,6.7847,64.8986,94146560,14246
1000000,2,on,pan,41,6.9664,6.8429,64.8986,94146560,14246
1000000,2,on,pan,42,6.9748,6.8544,64.8986,94146560,14246
1000000,2,on,pan,43,6.9663,6.8337,64.8986,94146560,14246
1000000,2,on,pan,44,6.9613,6.8366,64.8986,94146560,14246
1000000,2,on,pan,45,6.9724,6.8427,64.8986,94146560,14246
1000000,2,on,pan,46,6.8884,6.769,64.8986,94146560,14246
1000000,2,on,pan,47,6.9587,6.83,64.8986,94146560,14246
1000000,2,on,pan,48,6.9778,6.8451,64.8986,94146560,14246
1000000,2,on,pan,49,6.981,6.8558,64.8986,94146560,14246
1000000,2,on,pan,50,6.8468,6.7229,64.8986,94146560,14246
1000000,2,on,pan,51,6.8954,6.7686,64.8986,94146560,14246
1000000,2,on,pan,52,6.9408,6.7631,64.8986,94146560,14246
1000000,2,on,pan,53,6.8633,6.7383,64.8986,94146560,14246
1000000,2,on,pan,54,6.9017,6.7722,64.8986,94146560,14246
1000000,2,on,pan,55,7.1312,6.9937,64.8986,94146560,14246
1000000,2,on,pan,56,6.9963,6.847,64.8986,94146560,14246
1000000,2,on,pan,57,6.9554,6.8346,64.8986,94146560,14246
1000000,2,on,pan,58,6.9485,6.825,64.8986,94146560,14246
1000000,2,on,pan,59,6.8723,6.7441,64.8986,94146560,14246
1000000,2,on,pan,60,7.7475,7.6197,64.8986,94146560,14246
1000000,2,on,pan,61,7.8001,7.6637,64.8986,94146560,14246
1000000,2,on,pan,62,7.5336,7.37,64.8986,94146560,14246
1000000,2,on,pan,63,7.0696,6.9135,64.8986,94146560,14246
1000000,2,on,pan,64,7.1274,6.9737,64.8986,94146560,14246
1000000,2,on,pan,65,6.9208,6.7842,64.8986,94146560,14246
1000000,2,on,pan,66,6.9942,6.8698,64.8986,94146560,14246
1000000,2,on,pan,67,7.022,6.8986,64.8986,94146560,14246
1000000,2,on,pan,68,6.9271,6.8044,64.8986,94146560,14246
1000000,2,on,pan,69,7.0099,6.8653,64.8986,94146560,14246
1000000,2,on,pan,70,6.8707,6.7498,64.8986,94146560,14246
1000000,2,on,pan,71,6.8377,6.7167,64.8986,94146560,14246
1000000,2,on,pan,72,6.8844,6.7641,64.8986,94146560,14246
1000000,2,on,pan,73,6.8325,6.7047,64.8986,94146560,14246
1000000,2,on,pan,74,7.076,6.929,64.8986,94146560,14246
1000000,2,on,pan,75,6.9751,6.8181,64.8986,94146560,14246
1000000,2,on,pan,76,7.0117,6.8567,64.8986,94146560,14246
1000000,2,on,pan,77,6.9368,6.7855,64.8986,94146560,14246
1000000,2,on,pan,78,6.8529,6.725,64.8986,94146560,14246
1000000,2,on,pan,79,6.8777,6.7553,64.8986,94146560,14246
1000000,2,on,pan,80,6.85,6.7262,64.8986,94146560,14246
1000000,2,on,pan,81,6.9276,6.7984,64.8986,94146560,14246
1000000,2,on,pan,82,6.9512,6.8286,64.8986,94146560,14246
1000000,2,on,pan,83,6.9365,6.8075,64.8986,94146560,14246
1000000,2,on,pan,84,6.8871,6.7617,64.8986,94146560,14246
1000000,2,on,pan,85,6.9565,6.8341,64.8986,94146560,14246
1000000,2,on,pan,86,6.8657,6.7362,64.8986,94146560,14246
1000000,2,on,pan,87,6.9068,6.7711,64.8986,94146560,14246
1000000,2,on,pan,88,6.866,6.7412,64.8986,94146560,14246
1000000,2,on,pan,89,6.8887,6.7627,64.8986,94146560,14246
1000000,2,on,pan,90,7.2526,7.0983,64.8986,94146560,14246
1000000,2,on,pan,91,7.0615,6.9,64.8986,94146560,14246
1000000,2,on,pan,92,7.0563,6.9178,64.8986,94146560,14246
1000000,2,on,pan,93,7.0574,6.9216,64.8986,94146560,14246
1000000,2,on,pan,94,7.0666,6.9309,64.8986,94146560,14246
1000000,2,on,pan,95,7.0053,6.8616,64.8986,94146560,14246
1000000,2,on,pan,96,7.108,6.9545,64.8986,94146560,14246
1000000,2,on,pan,97,7.2048,7.032,64.8986,94146560,14246
1000000,2,on,pan,98,7.1528,6.9747,64.8986,94146560,14246
1000000,2,on,pan,99,7.0567,6.9215,64.8986,94146560,14246
1000000,2,on,pan,100,7.0456,6.915,64.8986,94146560,14246
1000000,2,on,pan,101,7.019,6.854,64.8986,94146560,14246
1000000,2,on,pan,102,6.9385,6.7935,64.8986,94146560,14246
1000000,2,on,pan,103,7.6061,7.4425,64.8986,94146560,14246
1000000,2,on,pan,104,8.7352,8.4961,64.8986,94146560,14246
1000000,2,on,pan,105,8.0558,7.781,64.8986,94146560,14246
1000000,2,on,pan,106,7.8988,7.6402,64.8986,94146560,14246
1000000,2,on,pan,107,7.4851,7.2503,64.8986,94146560,14246
1000000,2,on,pan,108,7.4587,7.2348,64.8986,94146560,14246
1000000,2,on,pan,109,7.0377,6.8439,64.8986,94146560,14246
1000000,2,on,pan,110,6.972,6.8274,64.8986,94146560,14246
1000000,2,on,pan,111,8.6242,8.4614,64.8986,94146560,14246
1000000,2,on,pan,112,8.2337,7.9802,64.8986,94146560,14246
1000000,2,on,pan,113,7.5652,7.3786,64.8986,94146560,14246
1000000,2,on,pan,114,7.1551,6.9334,64.8986,94146560,14246
1000000,2,on,pan,115,6.9835,6.8309,64.8986,94146560,14246
1000000,2,on,pan,116,6.9536,6.808,64.8986,94146560,14246
1000000,2,on,pan,117,7.2287,7.079,64.8986,94146560,14246
1000000,2,on,pan,118,7.4475,7.2579,64.8986,94146560,14246
1000000,2,on,pan,119,7.6876,7.5065,64.8986,94146560,14246
1000000,2,on,hover,0,6.8293,5.9647,64.8986,94146560,14144
1000000,2,on,hover,1,6.2732,5.9943,64.8986,94146560,14144
1000000,2,on,hover,2,6.1788,5.9286,64.8986,94146560,14144
1000000,2,on,hover,3,6.147,5.9011,64.8986,94146560,14144
1000000,2,on,hover,4,6.1468,5.9172,64.8986,94146560,14144
1000000,2,on,hover,5,6.2251,5.973,64.8986,94146560,14144
1000000,2,on,hover,6,6.0955,5.8357,64.8986,94146560,14144
1000000,2,on,hover,7,4.5015,4.2737,64.8986,94146560,14144
1000000,2,on,hover,8,3.3113,3.0979,64.8986,94146560,14144
1000000,2,on,hover,9,3.925,3.7308,64.8986,94146560,14144
1000000,2,on,hover,10,3.7791,3.5502,64.8986,94146560,14144
1000000,2,on,hover,11,4.5786,4.2656,64.8986,94146560,14144
1000000,2,on,hover,12,3.7886,3.4394,64.8986,94146560,14144
1000000,2,on,hover,13,4.4878,4.2758,64.8986,94146560,14144
1000000,2,on,hover,14,5.5947,5.2703,64.8986,94146560,14144
1000000,2,on,hover,15,6.6149,6.2134,64.8986,94146560,14144
1000000,2,on,hover,16,6.6611,6.3135,64.8986,94146560,14144
1000000,2,on,hover,17,6.2637,5.9111,64.8986,94146560,14144
1000000,2,on,hover,18,6.4767,6.109,64.8986,94146560,14144
1000000,2,on,hover,19,6.4644,6.0143,64.8986,94146560,14144
1000000,2,on,hover,20,6.4951,6.0844,64.8986,94146560,14144
1000000,2,on,hover,21,6.5027,6.0052,64.8986,94146560,14144
1000000,2,on,hover,22,6.1486,5.865,64.8986,94146560,14144
1000000,2,on,hover,23,4.0805,3.4768,64.8986,94146560,14144
1000000,2,on,hover,24,3.7511,3.5003,64.8986,94146560,14144
1000000,2,on,hover,25,3.2065,2.9915,64.8986,94146560,14144
1000000,2,on,hover,26,3.526,3.3478,64.8986,94146560,14144
1000000,2,on,hover,27,4.1173,3.8819,64.8986,94146560,14144
1000000,2,on,hover,28,3.9099,3.6443,64.8986,94146560,14144
1000000,2,on,hover,29,3.5458,3.1232,64.8986,94146560,14144
1000000,2,on,hover,30,3.5194,3.2755,64.8986,94146560,14144
1000000,2,on,hover,31,3.5036,3.1977,64.8986,94146560,14144
1000000,2,on,hover,32,3.5704,3.3786,64.8986,94146560,14144
1000000,2,on,hover,33,4.238,3.9716,64.8986,94146560,14144
1000000,2,on,hover,34,4.1657,3.7086,64.8986,94146560,14144
1000000,2,on,hover,35,5.0238,4.5413,64.8986,94146560,14144
1000000,2,on,hover,36,5.9312,5.6232,64.8986,94146560,14144
1000000,2,on,hover,37,6.5538,6.0492,64.8986,94146560,14144
1000000,2,on,hover,38,6.5952,6.1753,64.8986,94146560,14144
1000000,2,on,hover,39,6.5108,6.0811,64.8986,94146560,14144
1000000,2,on,hover,40,6.6212,6.2656,64.8986,94146560,14144
1000000,2,on,hover,41,6.4976,6.1583,64.8986,94146560,14144
1000000,2,on,hover,42,6.3986,6.0512,64.8986,94146560,14144
1000000,2,on,hover,43,4.6296,4.2603,64.8986,94146560,14144
1000000,2,on,hover,44,4.0112,3.6237,64.8986,94146560,14144
1000000,2,on,hover,45,4.358,4.0445,64.8986,94146560,14144
1000000,2,on,hover,46,5.8811,5.454,64.8986,94146560,14144
1000000,2,on,hover,47,6.8655,6.4454,64.8986,94146560,14144
1000000,2,on,hover,48,6.715,6.35,64.8986,94146560,14144
1000000,2,on,hover,49,6.3241,5.9756,64.8986,94146560,14144
1000000,2,on,hover,50,6.7919,6.4014,64.8986,94146560,14144
1000000,2,on,hover,51,6.9198,6.0667,64.8986,94146560,14144
1000000,2,on,hover,52,6.3567,5.9549,64.8986,94146560,14144
1000000,2,on,hover,53,4.5486,4.1633,64.8986,94146560,14144
1000000,2,on,hover,54,3.7653,3.5242,64.8986,94146560,14144
1000000,2,on,hover,55,3.6841,3.2893,64.8986,94146560,14144
1000000,2,on,hover,56,4.2593,3.4944,64.8986,94146560,14144
1000000,2,on,hover,57,3.6789,3.3795,64.8986,94146560,14144
1000000,2,on,hover,58,3.7479,3.545,64.8986,94146560,14144
1000000,2,on,hover,59,3.8173,3.596,64.8986,94146560,14144
1000000,2,on,hover,60,4.1125,3.872,64.8986,94146560,14144
1000000,2,on,hover,61,3.9467,3.7438,64.8986,94146560,14144
1000000,2,on,hover,62,3.1592,2.9056,64.8986,94146560,14144
1000000,2,on,hover,63,3.9519,3.8057,64.8986,94146560,14144
1000000,2,on,hover,64,3.8568,3.4569,64.8986,94146560,14144
1000000,2,on,hover,65,3.8165,3.5608,64.8986,94146560,14144
1000000,2,on,hover,66,3.6472,3.3746,64.8986,94146560,14144
1000000,2,on,hover,67,3.8718,3.6605,64.8986,94146560,14144
1000000,2,on,hover,68,4.1377,3.8666,64.8986,94146560,14144
1000000,2,on,hover,69,6.8547,6.4274,64.8986,94146560,14144
1000000,2,on,hover,70,6.2311,5.8921,64.8986,94146560,14144
1000000,2,on,hover,71,6.2961,5.9907,64.8986,94146560,14144
1000000,2,on,hover,72,6.2512,5.9193,64.8986,94146560,14144
1000000,2,on,hover,73,6.2952,6.0051,64.8986,94146560,14144
1000000,2,on,hover,74,6.2208,5.9357,64.8986,94146560,14144
1000000,2,on,hover,75,6.446,6.1228,64.8986,94146560,14144
1000000,2,on,hover,76,5.0642,4.3569,64.8986,94146560,14144
1000000,2,on,hover,77,3.8065,3.3737,64.8986,94146560,14144
1000000,2,on,hover,78,3.899,3.7302,64.8986,94146560,14144
1000000,2,on,hover,79,3.7977,3.4756,64.8986,94146560,14144
1000000,2,on,hover,80,6.7209,6.3292,64.8986,94146560,14144
1000000,2,on,hover,81,6.6108,6.157,64.8986,94146560,14144
1000000,2,on,hover,82,6.8238,6.3864,64.8986,94146560,14144
1000000,2,on,hover,83,6.2696,5.9799,64.8986,94146560,14144
1000000,2,on,hover,84,6.4836,6.1896,64.8986,94146560,14144
1000000,2,on,hover,85,4.4809,3.8158,64.8986,94146560,14144
1000000,2,on,hover,86,3.6549,3.3666,64.8986,94146560,14144
1000000,2,on,hover,87,3.8804,3.6226,64.8986,94146560,14144
1000000,2,on,hover,88,4.2729,3.927,64.8986,94146560,14144
1000000,2,on,hover,89,4.3722,4.0775,64.8986,94146560,14144
1000000,2,on,hover,90,3.9356,3.627,64.8986,94146560,14144
1000000,2,on,hover,91,3.854,3.5388,64.8986,94146560,14144
1000000,2,on,hover,92,4.1105,3.9002,64.8986,94146560,14144
1000000,2,on,hover,93,3.5812,3.3035,64.8986,94146560,14144
1000000,2,on,hover,94,4.7147,4.5003,64.8986,94146560,14144
1000000,2,on,hover,95,4.0054,3.7261,64.8986,94146560,14144
1000000,2,on,hover,96,4.3485,3.6303,64.8986,94146560,14144
1000000,2,on,hover,97,4.3465,4.1471,64.8986,94146560,14144
1000000,2,on,hover,98,3.9912,3.6828,64.8986,94146560,14144
1000000,2,on,hover,99,4.4166,3.9729,64.8986,94146560,14144
1000000,2,on,hover,100,5.5873,5.2371,64.8986,94146560,14144
1000000,2,on,hover,101,6.7259,6.3526,64.8986,94146560,14144
1000000,2,on,hover,102,6.5628,6.2276,64.8986,94146560,14144
1000000,2,on,hover,103,6.3475,6.0225,64.8986,94146560,14144
1000000,2,on,hover,104,6.9896,6.5067,64.8986,94146560,14144
1000000,2,on,hover,105,6.715,6.1762,64.8986,94146560,14144
1000000,2,on,hover,106,6.5624,6.1322,64.8986,94146560,14144
1000000,2,on,hover,107,6.5959,6.1332,64.8986,94146560,14144
1000000,2,on,hover,108,6.5603,6.1937,64.8986,94146560,14144
1000000,2,on,hover,109,7.6759,7.2912,64.8986,94146560,14144
1000000,2,on,hover,110,7.9192,7.4302,64.8986,94146560,14144
1000000,2,on,hover,111,7.9901,7.5101,64.8986,94146560,14144
1000000,2,on,hover,112,6.7913,6.3557,64.8986,94146560,14144
1000000,2,on,hover,113,6.3985,6.0458,64.8986,94146560,14144
1000000,2,on,hover,114,6.3606,6.0144,64.8986,94146560,14144
1000000,2,on,hover,115,6.5178,6.1383,64.8986,94146560,14144
1000000,2,on,hover,116,6.6614,6.22,64.8986,94146560,14144
1000000,2,on,hover,117,3.8403,3.3212,64.8986,94146560,14144
1000000,2,on,hover,118,5.6256,5.4317,64.8986,94146560,14144
1000000,2,on,hover,119,6.4447,6.054,64.8986,94146560,14144
