events,run,cache,workload,sample,input_to_cpu_paint_ms,paint_ms,load_ms,peak_working_set_bytes,primitives
100000,0,off,zoom,0,6.2119,6.0965,7.3723,31129600,21250
100000,0,off,zoom,1,7.5474,7.4439,7.3723,31129600,26571
100000,0,off,zoom,2,6.2977,6.2132,7.3723,31129600,21250
100000,0,off,zoom,3,6.671,6.5943,7.3723,31129600,26571
100000,0,off,zoom,4,5.571,5.5003,7.3723,31129600,21250
100000,0,off,zoom,5,6.6369,6.5619,7.3723,31129600,26571
100000,0,off,zoom,6,6.23,6.1609,7.3723,31129600,21250
100000,0,off,zoom,7,6.7984,6.717,7.3723,31129600,26571
100000,0,off,zoom,8,6.7247,6.5973,7.3723,31129600,21250
100000,0,off,zoom,9,7.3284,7.2333,7.3723,31129600,26571
100000,0,off,zoom,10,5.602,5.5239,7.3723,31129600,21250
100000,0,off,zoom,11,7.1492,7.0735,7.3723,31129600,26571
100000,0,off,zoom,12,6.7384,6.6324,7.3723,31129600,21250
100000,0,off,zoom,13,7.8049,7.6813,7.3723,31129600,26571
100000,0,off,zoom,14,6.2793,6.1551,7.3723,31129600,21250
100000,0,off,zoom,15,7.8056,7.7106,7.3723,31129600,26571
100000,0,off,zoom,16,6.3054,6.1877,7.3723,31129600,21250
100000,0,off,zoom,17,7.8625,7.7343,7.3723,31129600,26571
100000,0,off,zoom,18,6.6729,6.5649,7.3723,31129600,21250
100000,0,off,zoom,19,7.4745,7.3834,7.3723,31129600,26571
100000,0,off,zoom,20,6.0886,5.9996,7.3723,31129600,21250
100000,0,off,zoom,21,6.849,6.7763,7.3723,31129600,26571
100000,0,off,zoom,22,6.0147,5.9393,7.3723,31129600,21250
100000,0,off,zoom,23,7.3762,7.2775,7.3723,31129600,26571
100000,0,off,zoom,24,6.3044,6.2044,7.3723,31129600,21250
100000,0,off,zoom,25,7.502,7.3868,7.3723,31129600,26571
100000,0,off,zoom,26,7.0665,6.9684,7.3723,31129600,21250
100000,0,off,zoom,27,7.465,7.3747,7.3723,31129600,26571
100000,0,off,zoom,28,6.7672,6.6556,7.3723,31129600,21250
100000,0,off,zoom,29,8.5284,8.3871,7.3723,31129600,26571
100000,0,off,zoom,30,7.1281,6.8628,7.3723,31129600,21250
100000,0,off,zoom,31,7.2089,7.0739,7.3723,31129600,26571
100000,0,off,zoom,32,7.7966,7.6833,7.3723,31129600,21250
100000,0,off,zoom,33,7.2265,7.0993,7.3723,31129600,26571
100000,0,off,zoom,34,5.7304,5.6286,7.3723,31129600,21250
100000,0,off,zoom,35,7.1233,7.0408,7.3723,31129600,26571
100000,0,off,zoom,36,6.0983,6.0254,7.3723,31129600,21250
100000,0,off,zoom,37,7.0532,6.958,7.3723,31129600,26571
100000,0,off,zoom,38,7.5381,7.4236,7.3723,31129600,21250
100000,0,off,zoom,39,6.7056,6.5909,7.3723,31129600,26571
100000,0,off,zoom,40,5.7064,5.6328,7.3723,31129600,21250
100000,0,off,zoom,41,7.3924,7.3108,7.3723,31129600,26571
100000,0,off,zoom,42,6.0093,5.9247,7.3723,31129600,21250
100000,0,off,zoom,43,7.5936,7.5166,7.3723,31129600,26571
100000,0,off,zoom,44,6.6529,6.5643,7.3723,31129600,21250
100000,0,off,zoom,45,7.05,6.9652,7.3723,31129600,26571
100000,0,off,zoom,46,6.2544,6.1521,7.3723,31129600,21250
100000,0,off,zoom,47,7.2017,7.1084,7.3723,31129600,26571
100000,0,off,zoom,48,6.4704,6.3368,7.3723,31129600,21250
100000,0,off,zoom,49,8.5629,8.4485,7.3723,31129600,26571
100000,0,off,zoom,50,6.8226,6.6429,7.3723,31129600,21250
100000,0,off,zoom,51,7.6058,7.4816,7.3723,31129600,26571
100000,0,off,zoom,52,6.8748,6.7364,7.3723,31129600,21250
100000,0,off,zoom,53,7.1278,7.0036,7.3723,31129600,26571
100000,0,off,zoom,54,5.599,5.5266,7.3723,31129600,21250
100000,0,off,zoom,55,6.8478,6.7721,7.3723,31129600,26571
100000,0,off,zoom,56,6.3526,6.2723,7.3723,31129600,21250
100000,0,off,zoom,57,7.4034,7.318,7.3723,31129600,26571
100000,0,off,zoom,58,5.877,5.7686,7.3723,31129600,21250
100000,0,off,zoom,59,7.8559,7.7586,7.3723,31129600,26571
100000,0,off,zoom,60,6.3131,6.1569,7.3723,31129600,21250
100000,0,off,zoom,61,8.1491,8.0485,7.3723,31129600,26571
100000,0,off,zoom,62,7.1983,7.0455,7.3723,31129600,21250
100000,0,off,zoom,63,7.9805,7.8375,7.3723,31129600,26571
100000,0,off,zoom,64,6.5708,6.4091,7.3723,31129600,21250
100000,0,off,zoom,65,7.1831,7.0346,7.3723,31129600,26571
100000,0,off,zoom,66,6.0134,5.8517,7.3723,31129600,21250
100000,0,off,zoom,67,7.5145,7.3357,7.3723,31129600,26571
100000,0,off,zoom,68,9.5098,9.331,7.3723,31129600,21250
100000,0,off,zoom,69,8.3465,8.1269,7.3723,31129600,26571
100000,0,off,zoom,70,6.7508,6.5554,7.3723,31129600,21250
100000,0,off,zoom,71,7.7798,7.6811,7.3723,31129600,26571
100000,0,off,zoom,72,6.5841,6.4626,7.3723,31129600,21250
100000,0,off,zoom,73,8.135,8.0208,7.3723,31129600,26571
100000,0,off,zoom,74,7.5286,7.403,7.3723,31129600,21250
100000,0,off,zoom,75,6.784,6.6645,7.3723,31129600,26571
100000,0,off,zoom,76,5.7014,5.6159,7.3723,31129600,21250
100000,0,off,zoom,77,6.9909,6.9214,7.3723,31129600,26571
100000,0,off,zoom,78,6.2609,6.1842,7.3723,31129600,21250
100000,0,off,zoom,79,8.0882,7.9828,7.3723,31129600,26571
100000,0,off,zoom,80,6.5941,6.4458,7.3723,31129600,21250
100000,0,off,zoom,81,7.4782,7.3646,7.3723,31129600,26571
100000,0,off,zoom,82,6.1312,6.0099,7.3723,31129600,21250
100000,0,off,zoom,83,7.4427,7.3302,7.3723,31129600,26571
100000,0,off,zoom,84,6.0636,5.9514,7.3723,31129600,21250
100000,0,off,zoom,85,8.0741,7.9863,7.3723,31129600,26571
100000,0,off,zoom,86,7.878,7.7384,7.3723,31129600,21250
100000,0,off,zoom,87,7.7647,7.5913,7.3723,31129600,26571
100000,0,off,zoom,88,6.6547,6.5078,7.3723,31129600,21250
100000,0,off,zoom,89,7.5552,7.4612,7.3723,31129600,26571
100000,0,off,zoom,90,6.2296,6.1135,7.3723,31129600,21250
100000,0,off,zoom,91,7.855,7.7517,7.3723,31129600,26571
100000,0,off,zoom,92,7.8203,7.6203,7.3723,31129600,21250
100000,0,off,zoom,93,7.4283,7.2931,7.3723,31129600,26571
100000,0,off,zoom,94,6.6665,6.4843,7.3723,31129600,21250
100000,0,off,zoom,95,6.9396,6.8351,7.3723,31129600,26571
100000,0,off,zoom,96,5.9144,5.8371,7.3723,31129600,21250
100000,0,off,zoom,97,6.9529,6.8799,7.3723,31129600,26571
100000,0,off,zoom,98,6.8875,6.8134,7.3723,31129600,21250
100000,0,off,zoom,99,7.2652,7.1562,7.3723,31129600,26571
100000,0,off,zoom,100,6.4812,6.336,7.3723,31129600,21250
100000,0,off,zoom,101,7.7368,7.6363,7.3723,31129600,26571
100000,0,off,zoom,102,6.6932,6.5811,7.3723,31129600,21250
100000,0,off,zoom,103,7.8984,7.7939,7.3723,31129600,26571
100000,0,off,zoom,104,6.4554,6.3735,7.3723,31129600,21250
100000,0,off,zoom,105,6.6638,6.5824,7.3723,31129600,26571
100000,0,off,zoom,106,5.5516,5.4866,7.3723,31129600,21250
100000,0,off,zoom,107,7.22,7.1361,7.3723,31129600,26571
100000,0,off,zoom,108,5.8346,5.7527,7.3723,31129600,21250
100000,0,off,zoom,109,7.1261,7.0397,7.3723,31129600,26571
100000,0,off,zoom,110,6.8667,6.7588,7.3723,31129600,21250
100000,0,off,zoom,111,7.249,7.1442,7.3723,31129600,26571
100000,0,off,zoom,112,5.6144,5.5213,7.3723,31129600,21250
100000,0,off,zoom,113,6.9593,6.8854,7.3723,31129600,26571
100000,0,off,zoom,114,5.816,5.7146,7.3723,31129600,21250
100000,0,off,zoom,115,7.6754,7.5764,7.3723,31129600,26571
100000,0,off,zoom,116,6.019,5.9189,7.3723,31129600,21250
100000,0,off,zoom,117,6.7704,6.6865,7.3723,31129600,26571
100000,0,off,zoom,118,6.0893,5.9733,7.3723,31129600,21250
100000,0,off,zoom,119,7.6793,7.4426,7.3723,31129600,26571
100000,0,off,pan,0,2.1871,2.1127,7.3723,31129600,6647
100000,0,off,pan,1,2.0857,2.0201,7.3723,31129600,6635
100000,0,off,pan,2,1.8614,1.7968,7.3723,31129600,6647
100000,0,off,pan,3,1.8438,1.7822,7.3723,31129600,6630
100000,0,off,pan,4,1.8473,1.7867,7.3723,31129600,6647
100000,0,off,pan,5,1.8305,1.7718,7.3723,31129600,6635
100000,0,off,pan,6,1.9166,1.858,7.3723,31129600,6647
100000,0,off,pan,7,1.9518,1.8832,7.3723,31129600,6643
100000,0,off,pan,8,1.8627,1.8033,7.3723,31129600,6639
100000,0,off,pan,9,1.9444,1.8849,7.3723,31129600,6647
100000,0,off,pan,10,2.4704,2.4063,7.3723,31129600,6632
100000,0,off,pan,11,2.0751,2.0072,7.3723,31129600,6647
100000,0,off,pan,12,1.723,1.6633,7.3723,31129600,6631
100000,0,off,pan,13,1.7024,1.6421,7.3723,31129600,6647
100000,0,off,pan,14,1.9577,1.9028,7.3723,31129600,6639
100000,0,off,pan,15,1.8093,1.7546,7.3723,31129600,6643
100000,0,off,pan,16,1.8934,1.834,7.3723,31129600,6647
100000,0,off,pan,17,1.9691,1.9117,7.3723,31129600,6636
100000,0,off,pan,18,2.058,1.9654,7.3723,31129600,6647
100000,0,off,pan,19,1.9455,1.883,7.3723,31129600,6630
100000,0,off,pan,20,1.8378,1.7815,7.3723,31129600,6647
100000,0,off,pan,21,1.8288,1.7731,7.3723,31129600,6635
100000,0,off,pan,22,1.9329,1.868,7.3723,31129600,6647
100000,0,off,pan,23,2.0041,1.9377,7.3723,31129600,6630
100000,0,off,pan,24,2.0071,1.9412,7.3723,31129600,6647
100000,0,off,pan,25,2.2047,2.1361,7.3723,31129600,6635
100000,0,off,pan,26,2.2224,2.159,7.3723,31129600,6647
100000,0,off,pan,27,2.0234,1.9599,7.3723,31129600,6643
100000,0,off,pan,28,2.0239,1.9643,7.3723,31129600,6639
100000,0,off,pan,29,2.0986,2.0398,7.3723,31129600,6647
100000,0,off,pan,30,1.8396,1.7806,7.3723,31129600,6632
100000,0,off,pan,31,2.2987,2.2395,7.3723,31129600,6647
100000,0,off,pan,32,1.867,1.804,7.3723,31129600,6631
100000,0,off,pan,33,1.9278,1.8649,7.3723,31129600,6647
100000,0,off,pan,34,2.1294,2.0671,7.3723,31129600,6639
100000,0,off,pan,35,2.06,1.9973,7.3723,31129600,6643
100000,0,off,pan,36,2.0133,1.9521,7.3723,31129600,6647
100000,0,off,pan,37,1.8296,1.7679,7.3723,31129600,6636
100000,0,off,pan,38,2.1273,2.0658,7.3723,31129600,6647
100000,0,off,pan,39,2.0689,2.0048,7.3723,31129600,6630
100000,0,off,pan,40,1.8338,1.7697,7.3723,31129600,6647
100000,0,off,pan,41,1.8352,1.7772,7.3723,31129600,6635
100000,0,off,pan,42,1.9785,1.9153,7.3723,31129600,6647
100000,0,off,pan,43,1.9977,1.9325,7.3723,31129600,6630
100000,0,off,pan,44,1.8371,1.7749,7.3723,31129600,6647
100000,0,off,pan,45,1.9724,1.9112,7.3723,31129600,6635
100000,0,off,pan,46,1.9761,1.9126,7.3723,31129600,6647
100000,0,off,pan,47,2.1455,2.0835,7.3723,31129600,6643
100000,0,off,pan,48,1.9292,1.8665,7.3723,31129600,6639
100000,0,off,pan,49,2.5931,2.5097,7.3723,31129600,6647
100000,0,off,pan,50,2.5413,2.4447,7.3723,31129600,6632
100000,0,off,pan,51,2.267,2.1864,7.3723,31129600,6647
100000,0,off,pan,52,2.3514,2.2649,7.3723,31129600,6631
100000,0,off,pan,53,2.0282,1.9447,7.3723,31129600,6647
100000,0,off,pan,54,1.9401,1.8728,7.3723,31129600,6639
100000,0,off,pan,55,2.3297,2.2588,7.3723,31129600,6643
100000,0,off,pan,56,2.5026,2.3993,7.3723,31129600,6647
100000,0,off,pan,57,2.2862,2.195,7.3723,31129600,6636
100000,0,off,pan,58,2.3751,2.2901,7.3723,31129600,6647
100000,0,off,pan,59,2.2373,2.0758,7.3723,31129600,6630
100000,0,off,pan,60,2.232,2.1659,7.3723,31129600,6647
100000,0,off,pan,61,2.128,2.0558,7.3723,31129600,6635
100000,0,off,pan,62,2.1032,2.0249,7.3723,31129600,6647
100000,0,off,pan,63,1.99,1.9284,7.3723,31129600,6630
100000,0,off,pan,64,1.9605,1.9011,7.3723,31129600,6647
100000,0,off,pan,65,1.9834,1.9221,7.3723,31129600,6635
100000,0,off,pan,66,1.8115,1.7549,7.3723,31129600,6647
100000,0,off,pan,67,1.8342,1.7773,7.3723,31129600,6643
100000,0,off,pan,68,1.8106,1.742,7.3723,31129600,6639
100000,0,off,pan,69,1.9747,1.9164,7.3723,31129600,6647
100000,0,off,pan,70,1.9639,1.9081,7.3723,31129600,6632
100000,0,off,pan,71,1.8745,1.8181,7.3723,31129600,6647
100000,0,off,pan,72,1.7621,1.7017,7.3723,31129600,6631
100000,0,off,pan,73,1.7189,1.6639,7.3723,31129600,6647
100000,0,off,pan,74,1.9749,1.9203,7.3723,31129600,6639
100000,0,off,pan,75,1.8412,1.7846,7.3723,31129600,6643
100000,0,off,pan,76,1.7349,1.6763,7.3723,31129600,6647
100000,0,off,pan,77,1.8925,1.8365,7.3723,31129600,6636
100000,0,off,pan,78,1.7404,1.6857,7.3723,31129600,6647
100000,0,off,pan,79,1.8293,1.7683,7.3723,31129600,6630
100000,0,off,pan,80,1.9352,1.8713,7.3723,31129600,6647
100000,0,off,pan,81,1.9883,1.9258,7.3723,31129600,6635
100000,0,off,pan,82,2.0931,2.0287,7.3723,31129600,6647
100000,0,off,pan,83,1.8486,1.7802,7.3723,31129600,6630
100000,0,off,pan,84,1.9374,1.8755,7.3723,31129600,6647
100000,0,off,pan,85,1.9653,1.9047,7.3723,31129600,6635
100000,0,off,pan,86,2.2082,2.1448,7.3723,31129600,6647
100000,0,off,pan,87,2.1265,2.0561,7.3723,31129600,6643
100000,0,off,pan,88,1.9861,1.9182,7.3723,31129600,6639
100000,0,off,pan,89,1.9817,1.9077,7.3723,31129600,6647
100000,0,off,pan,90,2.4247,2.3512,7.3723,31129600,6632
100000,0,off,pan,91,2.0209,1.9528,7.3723,31129600,6647
100000,0,off,pan,92,1.8628,1.8064,7.3723,31129600,6631
100000,0,off,pan,93,2.1132,2.054,7.3723,31129600,6647
100000,0,off,pan,94,1.956,1.8907,7.3723,31129600,6639
100000,0,off,pan,95,1.973,1.9062,7.3723,31129600,6643
100000,0,off,pan,96,2.2118,1.9654,7.3723,31129600,6647
100000,0,off,pan,97,2.0816,2.0146,7.3723,31129600,6636
100000,0,off,pan,98,2.202,2.1389,7.3723,31129600,6647
100000,0,off,pan,99,1.9582,1.8939,7.3723,31129600,6630
100000,0,off,pan,100,2.305,2.2379,7.3723,31129600,6647
100000,0,off,pan,101,2.2986,2.2378,7.3723,31129600,6635
100000,0,off,pan,102,2.2146,2.1451,7.3723,31129600,6647
100000,0,off,pan,103,2.005,1.9349,7.3723,31129600,6630
100000,0,off,pan,104,1.799,1.7383,7.3723,31129600,6647
100000,0,off,pan,105,2.0219,1.9634,7.3723,31129600,6635
100000,0,off,pan,106,1.8074,1.7465,7.3723,31129600,6647
100000,0,off,pan,107,1.9482,1.8821,7.3723,31129600,6643
100000,0,off,pan,108,1.9625,1.9034,7.3723,31129600,6639
100000,0,off,pan,109,1.8208,1.7619,7.3723,31129600,6647
100000,0,off,pan,110,2.0614,1.9856,7.3723,31129600,6632
100000,0,off,pan,111,1.8677,1.8052,7.3723,31129600,6647
100000,0,off,pan,112,1.9557,1.8934,7.3723,31129600,6631
100000,0,off,pan,113,1.9779,1.9176,7.3723,31129600,6647
100000,0,off,pan,114,1.9213,1.8587,7.3723,31129600,6639
100000,0,off,pan,115,1.9859,1.9255,7.3723,31129600,6643
100000,0,off,pan,116,1.8487,1.7867,7.3723,31129600,6647
100000,0,off,pan,117,1.932,1.8712,7.3723,31129600,6636
100000,0,off,pan,118,2.2169,2.1446,7.3723,31129600,6647
100000,0,off,pan,119,2.0501,1.9644,7.3723,31129600,6630
100000,0,off,hover,0,8.1681,7.8686,7.3723,31129600,26571
100000,0,off,hover,1,7.2258,6.9441,7.3723,31129600,26571
100000,0,off,hover,2,7.4126,7.1819,7.3723,31129600,26571
100000,0,off,hover,3,7.1088,6.9655,7.3723,31129600,26571
100000,0,off,hover,4,8.3041,8.1662,7.3723,31129600,26571
100000,0,off,hover,5,7.0282,6.8417,7.3723,31129600,26571
100000,0,off,hover,6,7.7132,7.5371,7.3723,31129600,26571
100000,0,off,hover,7,7.7392,7.5252,7.3723,31129600,26571
100000,0,off,hover,8,7.1251,6.9795,7.3723,31129600,26571
100000,0,off,hover,9,7.1569,7.0134,7.3723,31129600,26571
100000,0,off,hover,10,8.3477,7.6257,7.3723,31129600,26571
100000,0,off,hover,11,8.5544,8.3493,7.3723,31129600,26571
100000,0,off,hover,12,8.6372,8.3154,7.3723,31129600,26571
100000,0,off,hover,13,7.3574,7.1356,7.3723,31129600,26571
100000,0,off,hover,14,7.4293,7.2894,7.3723,31129600,26571
100000,0,off,hover,15,7.0649,6.9121,7.3723,31129600,26571
100000,0,off,hover,16,7.8919,7.7645,7.3723,31129600,26571
100000,0,off,hover,17,7.6086,7.4292,7.3723,31129600,26571
100000,0,off,hover,18,7.2657,7.0855,7.3723,31129600,26571
100000,0,off,hover,19,7.4632,7.2158,7.3723,31129600,26571
100000,0,off,hover,20,7.8416,7.7027,7.3723,31129600,26571
100000,0,off,hover,21,9.6706,9.2947,7.3723,31129600,26571
100000,0,off,hover,22,9.0644,7.7446,7.3723,31129600,26571
100000,0,off,hover,23,8.4494,8.0871,7.3723,31129600,26571
100000,0,off,hover,24,9.1059,8.8184,7.3723,31129600,26571
100000,0,off,hover,25,9.8722,9.452,7.3723,31129600,26571
100000,0,off,hover,26,9.876,9.2635,7.3723,31129600,26571
100000,0,off,hover,27,6.9613,6.7228,7.3723,31129600,26571
100000,0,off,hover,28,7.7723,7.2115,7.3723,31129600,26571
100000,0,off,hover,29,7.1155,6.9279,7.3723,31129600,26571
100000,0,off,hover,30,7.0397,6.8878,7.3723,31129600,26571
100000,0,off,hover,31,7.9899,7.8619,7.3723,31129600,26571
100000,0,off,hover,32,8.1776,8.0047,7.3723,31129600,26571
100000,0,off,hover,33,7.2118,6.8926,7.3723,31129600,26571
100000,0,off,hover,34,7.6431,7.4626,7.3723,31129600,26571
100000,0,off,hover,35,7.1086,6.9542,7.3723,31129600,26571
100000,0,off,hover,36,8.6956,8.5441,7.3723,31129600,26571
100000,0,off,hover,37,7.2381,7.0179,7.3723,31129600,26571
100000,0,off,hover,38,6.9937,6.8228,7.3723,31129600,26571
100000,0,off,hover,39,7.2781,7.1057,7.3723,31129600,26571
100000,0,off,hover,40,8.0327,7.7917,7.3723,31129600,26571
100000,0,off,hover,41,8.1429,7.8482,7.3723,31129600,26571
100000,0,off,hover,42,7.8054,7.6315,7.3723,31129600,26571
100000,0,off,hover,43,8.5288,8.1888,7.3723,31129600,26571
100000,0,off,hover,44,8.9295,8.6509,7.3723,31129600,26571
100000,0,off,hover,45,8.767,8.5005,7.3723,31129600,26571
100000,0,off,hover,46,8.9497,8.6933,7.3723,31129600,26571
100000,0,off,hover,47,9.1891,8.926,7.3723,31129600,26571
100000,0,off,hover,48,9.2345,8.8763,7.3723,31129600,26571
100000,0,off,hover,49,9.4295,9.2252,7.3723,31129600,26571
100000,0,off,hover,50,8.8614,8.6427,7.3723,31129600,26571
100000,0,off,hover,51,9.1738,8.9268,7.3723,31129600,26571
100000,0,off,hover,52,8.3714,8.1534,7.3723,31129600,26571
100000,0,off,hover,53,7.261,7.1234,7.3723,31129600,26571
100000,0,off,hover,54,6.6324,6.5123,7.3723,31129600,26571
100000,0,off,hover,55,7.7706,7.4151,7.3723,31129600,26571
100000,0,off,hover,56,8.0368,7.8892,7.3723,31129600,26571
100000,0,off,hover,57,7.4458,7.2494,7.3723,31129600,26571
100000,0,off,hover,58,7.2932,7.0499,7.3723,31129600,26571
100000,0,off,hover,59,7.2982,7.1297,7.3723,31129600,26571
100000,0,off,hover,60,6.84,6.6553,7.3723,31129600,26571
100000,0,off,hover,61,7.0691,6.94,7.3723,31129600,26571
100000,0,off,hover,62,6.7606,6.627,7.3723,31129600,26571
100000,0,off,hover,63,6.9988,6.8809,7.3723,31129600,26571
100000,0,off,hover,64,7.3843,7.2416,7.3723,31129600,26571
100000,0,off,hover,65,7.0917,6.9672,7.3723,31129600,26571
100000,0,off,hover,66,7.616,7.4814,7.3723,31129600,26571
100000,0,off,hover,67,8.1986,8.0118,7.3723,31129600,26571
100000,0,off,hover,68,7.6747,7.3822,7.3723,31129600,26571
100000,0,off,hover,69,7.7348,7.5409,7.3723,31129600,26571
100000,0,off,hover,70,7.503,7.3607,7.3723,31129600,26571
100000,0,off,hover,71,7.5755,7.4492,7.3723,31129600,26571
100000,0,off,hover,72,7.1407,7.0085,7.3723,31129600,26571
100000,0,off,hover,73,7.1009,6.9613,7.3723,31129600,26571
100000,0,off,hover,74,7.9688,7.8154,7.3723,31129600,26571
100000,0,off,hover,75,7.853,7.6228,7.3723,31129600,26571
100000,0,off,hover,76,8.5388,8.2703,7.3723,31129600,26571
100000,0,off,hover,77,7.4266,7.1249,7.3723,31129600,26571
100000,0,off,hover,78,7.2759,6.9803,7.3723,31129600,26571
100000,0,off,hover,79,7.2631,7.0529,7.3723,31129600,26571
100000,0,off,hover,80,6.9622,6.812,7.3723,31129600,26571
100000,0,off,hover,81,7.5399,7.3957,7.3723,31129600,26571
100000,0,off,hover,82,6.788,6.6454,7.3723,31129600,26571
100000,0,off,hover,83,7.4028,7.2729,7.3723,31129600,26571
100000,0,off,hover,84,7.014,6.8661,7.3723,31129600,26571
100000,0,off,hover,85,7.5468,6.9634,7.3723,31129600,26571
100000,0,off,hover,86,8.4326,8.2899,7.3723,31129600,26571
100000,0,off,hover,87,7.4643,7.3019,7.3723,31129600,26571
100000,0,off,hover,88,6.8985,6.7649,7.3723,31129600,26571
100000,0,off,hover,89,7.5845,7.4411,7.3723,31129600,26571
100000,0,off,hover,90,7.1738,6.8697,7.3723,31129600,26571
100000,0,off,hover,91,7.6932,7.5015,7.3723,31129600,26571
100000,0,off,hover,92,6.6604,6.5075,7.3723,31129600,26571
100000,0,off,hover,93,7.0715,6.9402,7.3723,31129600,26571
100000,0,off,hover,94,8.7496,8.4979,7.3723,31129600,26571
100000,0,off,hover,95,8.3353,8.0147,7.3723,31129600,26571
100000,0,off,hover,96,8.5942,8.3491,7.3723,31129600,26571
100000,0,off,hover,97,7.8533,7.6291,7.3723,31129600,26571
100000,0,off,hover,98,8.1365,7.8205,7.3723,31129600,26571
100000,0,off,hover,99,8.155,7.887,7.3723,31129600,26571
100000,0,off,hover,100,7.9082,7.6627,7.3723,31129600,26571
100000,0,off,hover,101,7.4049,7.1704,7.3723,31129600,26571
100000,0,off,hover,102,7.2031,7.0592,7.3723,31129600,26571
100000,0,off,hover,103,6.6097,6.4941,7.3723,31129600,26571
100000,0,off,hover,104,6.8901,6.7714,7.3723,31129600,26571
100000,0,off,hover,105,6.8187,6.6981,7.3723,31129600,26571
100000,0,off,hover,106,7.5276,7.4069,7.3723,31129600,26571
100000,0,off,hover,107,6.8948,6.7685,7.3723,31129600,26571
100000,0,off,hover,108,6.591,6.4721,7.3723,31129600,26571
100000,0,off,hover,109,6.9253,6.8061,7.3723,31129600,26571
100000,0,off,hover,110,7.3132,7.1663,7.3723,31129600,26571
100000,0,off,hover,111,8.1084,7.9131,7.3723,31129600,26571
100000,0,off,hover,112,6.975,6.7891,7.3723,31129600,26571
100000,0,off,hover,113,7.3711,7.2277,7.3723,31129600,26571
100000,0,off,hover,114,7.5625,7.3792,7.3723,31129600,26571
100000,0,off,hover,115,7.5885,7.3803,7.3723,31129600,26571
100000,0,off,hover,116,7.9574,7.7552,7.3723,31129600,26571
100000,0,off,hover,117,7.8064,7.5206,7.3723,31129600,26571
100000,0,off,hover,118,7.3841,7.1433,7.3723,31129600,26571
100000,0,off,hover,119,7.126,6.9765,7.3723,31129600,26571
100000,0,on,zoom,0,6.31,6.2209,7.3723,31535104,21250
100000,0,on,zoom,1,6.9371,6.8647,7.3723,31535104,26571
100000,0,on,zoom,2,5.7706,5.7051,7.3723,31535104,21250
100000,0,on,zoom,3,7.2544,7.1861,7.3723,31535104,26571
100000,0,on,zoom,4,6.4157,6.3402,7.3723,31535104,21250
100000,0,on,zoom,5,8.0719,7.9832,7.3723,31535104,26571
100000,0,on,zoom,6,6.4463,6.321,7.3723,31535104,21250
100000,0,on,zoom,7,7.9976,7.9058,7.3723,31535104,26571
100000,0,on,zoom,8,5.6911,5.5157,7.3723,31535104,21250
100000,0,on,zoom,9,6.9487,6.8661,7.3723,31535104,26571
100000,0,on,zoom,10,5.6108,5.5228,7.3723,31535104,21250
100000,0,on,zoom,11,6.7152,6.6448,7.3723,31535104,26571
100000,0,on,zoom,12,6.409,6.3379,7.3723,31535104,21250
100000,0,on,zoom,13,7.2972,7.2203,7.3723,31535104,26571
100000,0,on,zoom,14,5.568,5.4963,7.3723,31535104,21250
100000,0,on,zoom,15,6.8593,6.7916,7.3723,31535104,26571
100000,0,on,zoom,16,5.4091,5.3461,7.3723,31535104,21250
100000,0,on,zoom,17,7.1277,7.0596,7.3723,31535104,26571
100000,0,on,zoom,18,6.0892,6.0148,7.3723,31535104,21250
100000,0,on,zoom,19,6.9589,6.8731,7.3723,31535104,26571
100000,0,on,zoom,20,5.4509,5.3357,7.3723,31535104,21250
100000,0,on,zoom,21,6.9741,6.8913,7.3723,31535104,26571
100000,0,on,zoom,22,5.6044,5.5252,7.3723,31535104,21250
100000,0,on,zoom,23,7.5241,7.4395,7.3723,31535104,26571
100000,0,on,zoom,24,5.5105,5.4355,7.3723,31535104,21250
100000,0,on,zoom,25,6.7812,6.704,7.3723,31535104,26571
100000,0,on,zoom,26,6.9683,6.8809,7.3723,31535104,21250
100000,0,on,zoom,27,8.5751,8.4203,7.3723,31535104,26571
100000,0,on,zoom,28,7.7658,7.5828,7.3723,31535104,21250
100000,0,on,zoom,29,10.8679,10.6497,7.3723,31535104,26571
100000,0,on,zoom,30,7.2327,7.0684,7.3723,31535104,21250
100000,0,on,zoom,31,8.0319,7.9075,7.3723,31535104,26571
100000,0,on,zoom,32,7.2082,7.0818,7.3723,31535104,21250
100000,0,on,zoom,33,9.5526,9.3158,7.3723,31535104,26571
100000,0,on,zoom,34,8.6331,8.4542,7.3723,31535104,21250
100000,0,on,zoom,35,8.5878,8.4431,7.3723,31535104,26571
100000,0,on,zoom,36,7.0319,6.917,7.3723,31535104,21250
100000,0,on,zoom,37,8.2074,8.0792,7.3723,31535104,26571
100000,0,on,zoom,38,7.6398,7.5251,7.3723,31535104,21250
100000,0,on,zoom,39,9.5295,9.3308,7.3723,31535104,26571
100000,0,on,zoom,40,7.912,7.7071,7.3723,31535104,21250
100000,0,on,zoom,41,7.1749,6.9939,7.3723,31535104,26571
100000,0,on,zoom,42,5.9662,5.8626,7.3723,31535104,21250
100000,0,on,zoom,43,6.7921,6.7028,7.3723,31535104,26571
100000,0,on,zoom,44,5.9446,5.8682,7.3723,31535104,21250
100000,0,on,zoom,45,6.7709,6.7001,7.3723,31535104,26571
100000,0,on,zoom,46,6.9319,6.8584,7.3723,31535104,21250
100000,0,on,zoom,47,6.8877,6.811,7.3723,31535104,26571
100000,0,on,zoom,48,5.603,5.5234,7.3723,31535104,21250
100000,0,on,zoom,49,7.0532,6.9811,7.3723,31535104,26571
100000,0,on,zoom,50,5.842,5.7619,7.3723,31535104,21250
100000,0,on,zoom,51,6.7224,6.6517,7.3723,31535104,26571
100000,0,on,zoom,52,7.3897,7.3125,7.3723,31535104,21250
100000,0,on,zoom,53,7.5786,7.473,7.3723,31535104,26571
100000,0,on,zoom,54,6.2722,6.1468,7.3723,31535104,21250
100000,0,on,zoom,55,6.98,6.8903,7.3723,31535104,26571
100000,0,on,zoom,56,5.6263,5.5558,7.3723,31535104,21250
100000,0,on,zoom,57,6.8493,6.7738,7.3723,31535104,26571
100000,0,on,zoom,58,7.407,7.3191,7.3723,31535104,21250
100000,0,on,zoom,59,7.2259,7.1438,7.3723,31535104,26571
100000,0,on,zoom,60,5.7987,5.7054,7.3723,31535104,21250
100000,0,on,zoom,61,6.7195,6.6409,7.3723,31535104,26571
100000,0,on,zoom,62,6.1005,5.9971,7.3723,31535104,21250
100000,0,on,zoom,63,6.7613,6.6622,7.3723,31535104,26571
100000,0,on,zoom,64,6.8321,6.7362,7.3723,31535104,21250
100000,0,on,zoom,65,6.8312,6.7392,7.3723,31535104,26571
100000,0,on,zoom,66,5.5529,5.4525,7.3723,31535104,21250
100000,0,on,zoom,67,6.9955,6.9143,7.3723,31535104,26571
100000,0,on,zoom,68,6.7843,6.6787,7.3723,31535104,21250
100000,0,on,zoom,69,9.2629,9.1049,7.3723,31535104,26571
100000,0,on,zoom,70,7.5122,7.352,7.3723,31535104,21250
100000,0,on,zoom,71,10.7258,10.5575,7.3723,31535104,26571
100000,0,on,zoom,72,7.781,7.5171,7.3723,31535104,21250
100000,0,on,zoom,73,9.2506,9.081,7.3723,31535104,26571
100000,0,on,zoom,74,9.2927,9.0992,7.3723,31940608,21250
100000,0,on,zoom,75,9.7228,9.4741,7.3723,31940608,26571
100000,0,on,zoom,76,7.7518,7.5113,7.3723,31940608,21250
100000,0,on,zoom,77,9.2303,9.0222,7.3723,31940608,26571
100000,0,on,zoom,78,8.0147,7.6219,7.3723,31940608,21250
100000,0,on,zoom,79,9.2827,9.0605,7.3723,31940608,26571
100000,0,on,zoom,80,8.66,8.4312,7.3723,31940608,21250
100000,0,on,zoom,81,9.3988,9.2013,7.3723,31940608,26571
100000,0,on,zoom,82,7.7245,7.4679,7.3723,31940608,21250
100000,0,on,zoom,83,9.7502,9.5652,7.3723,31940608,26571
100000,0,on,zoom,84,7.3365,7.1136,7.3723,31940608,21250
100000,0,on,zoom,85,10.5051,10.2646,7.3723,31940608,26571
100000,0,on,zoom,86,9.6381,9.3861,7.3723,31940608,21250
100000,0,on,zoom,87,9.9751,9.757,7.3723,31940608,26571
100000,0,on,zoom,88,8.4077,8.1314,7.3723,31940608,21250
100000,0,on,zoom,89,9.5103,9.2867,7.3723,31940608,26571
100000,0,on,zoom,90,8.0669,7.8344,7.3723,31940608,21250
100000,0,on,zoom,91,9.6424,9.463,7.3723,31940608,26571
100000,0,on,zoom,92,7.3081,7.1015,7.3723,31940608,21250
100000,0,on,zoom,93,9.6739,9.489,7.3723,31940608,26571
100000,0,on,zoom,94,8.1721,7.9716,7.3723,31940608,21250
100000,0,on,zoom,95,8.8038,8.6456,7.3723,31940608,26571
100000,0,on,zoom,96,7.1018,6.9042,7.3723,31940608,21250
100000,0,on,zoom,97,9.5444,9.3555,7.3723,31940608,26571
100000,0,on,zoom,98,8.201,8.0237,7.3723,31940608,21250
100000,0,on,zoom,99,9.2204,9.0232,7.3723,31940608,26571
100000,0,on,zoom,100,7.2368,7.0313,7.3723,31940608,21250
100000,0,on,zoom,101,8.6783,8.5061,7.3723,31940608,26571
100000,0,on,zoom,102,7.1971,6.9614,7.3723,31940608,21250
100000,0,on,zoom,103,9.4409,9.1921,7.3723,31940608,26571
100000,0,on,zoom,104,7.2286,7.0422,7.3723,31940608,21250
100000,0,on,zoom,105,7.3389,7.1623,7.3723,31940608,26571
100000,0,on,zoom,106,6.9745,6.8033,7.3723,31940608,21250
100000,0,on,zoom,107,9.7538,9.5719,7.3723,31940608,26571
100000,0,on,zoom,108,6.775,6.5804,7.3723,31940608,21250
100000,0,on,zoom,109,7.8274,7.6088,7.3723,31940608,26571
100000,0,on,zoom,110,6.5774,6.4326,7.3723,31940608,21250
100000,0,on,zoom,111,7.7313,7.5691,7.3723,31940608,26571
100000,0,on,zoom,112,7.9414,7.734,7.3723,31940608,21250
100000,0,on,zoom,113,8.9776,8.7573,7.3723,31940608,26571
100000,0,on,zoom,114,6.4856,6.2236,7.3723,31940608,21250
100000,0,on,zoom,115,8.2767,8.0756,7.3723,31940608,26571
100000,0,on,zoom,116,6.6666,6.5101,7.3723,31940608,21250
100000,0,on,zoom,117,8.0275,7.8934,7.3723,31940608,26571
100000,0,on,zoom,118,7.2325,7.0471,7.3723,31940608,21250
100000,0,on,zoom,119,7.9094,7.7095,7.3723,31940608,26571
100000,0,on,pan,0,1.8755,1.7712,7.3723,31940608,6647
100000,0,on,pan,1,2.3443,2.2693,7.3723,31940608,6635
100000,0,on,pan,2,2.6949,2.6016,7.3723,31940608,6647
100000,0,on,pan,3,2.4574,2.3257,7.3723,31940608,6630
100000,0,on,pan,4,2.2638,2.1813,7.3723,31940608,6647
100000,0,on,pan,5,2.2698,2.1815,7.3723,31940608,6635
100000,0,on,pan,6,1.863,1.7877,7.3723,31940608,6647
100000,0,on,pan,7,2.1954,2.1206,7.3723,31940608,6643
100000,0,on,pan,8,2.9054,2.7866,7.3723,31940608,6639
100000,0,on,pan,9,2.1043,2.0033,7.3723,31940608,6647
100000,0,on,pan,10,2.3749,2.2965,7.3723,31940608,6632
100000,0,on,pan,11,2.3281,2.2264,7.3723,31940608,6647
100000,0,on,pan,12,2.0309,1.9566,7.3723,31940608,6631
100000,0,on,pan,13,2.1176,2.0526,7.3723,31940608,6647
100000,0,on,pan,14,2.5446,2.4521,7.3723,31940608,6639
100000,0,on,pan,15,2.042,1.9636,7.3723,31940608,6643
100000,0,on,pan,16,2.2571,2.1855,7.3723,31940608,6647
100000,0,on,pan,17,2.386,2.2851,7.3723,31940608,6636
100000,0,on,pan,18,2.2379,2.1214,7.3723,31940608,6647
100000,0,on,pan,19,2.3601,2.2736,7.3723,31940608,6630
100000,0,on,pan,20,2.4044,2.3168,7.3723,31940608,6647
100000,0,on,pan,21,2.2548,2.1642,7.3723,31940608,6635
100000,0,on,pan,22,2.3189,2.2175,7.3723,31940608,6647
100000,0,on,pan,23,2.7678,2.6784,7.3723,31940608,6630
100000,0,on,pan,24,1.9946,1.9142,7.3723,31940608,6647
100000,0,on,pan,25,2.4523,2.3702,7.3723,31940608,6635
100000,0,on,pan,26,2.4994,2.408,7.3723,31940608,6647
100000,0,on,pan,27,2.0859,1.9904,7.3723,31940608,6643
100000,0,on,pan,28,2.1917,2.1231,7.3723,31940608,6639
100000,0,on,pan,29,2.6708,2.5687,7.3723,31940608,6647
100000,0,on,pan,30,1.9262,1.8364,7.3723,31940608,6632
100000,0,on,pan,31,2.2134,2.1389,7.3723,31940608,6647
100000,0,on,pan,32,2.4035,2.3251,7.3723,31940608,6631
100000,0,on,pan,33,2.0868,2.001,7.3723,31940608,6647
100000,0,on,pan,34,2.1322,2.0668,7.3723,31940608,6639
100000,0,on,pan,35,2.5375,2.4511,7.3723,31940608,6643
100000,0,on,pan,36,2.4121,2.3082,7.3723,31940608,6647
100000,0,on,pan,37,2.0174,1.9405,7.3723,31940608,6636
100000,0,on,pan,38,2.3139,2.2334,7.3723,31940608,6647
100000,0,on,pan,39,2.2037,2.1165,7.3723,31940608,6630
100000,0,on,pan,40,2.0024,1.934,7.3723,31940608,6647
100000,0,on,pan,41,2.1805,2.1044,7.3723,31940608,6635
100000,0,on,pan,42,1.949,1.859,7.3723,31940608,6647
100000,0,on,pan,43,1.981,1.9117,7.3723,31940608,6630
100000,0,on,pan,44,2.1463,2.0332,7.3723,31940608,6647
100000,0,on,pan,45,3.0887,2.9977,7.3723,31940608,6635
100000,0,on,pan,46,2.2652,2.1767,7.3723,31940608,6647
100000,0,on,pan,47,2.6132,2.524,7.3723,31940608,6643
100000,0,on,pan,48,1.9632,1.837,7.3723,31940608,6639
100000,0,on,pan,49,2.1111,2.0416,7.3723,31940608,6647
100000,0,on,pan,50,2.093,1.9855,7.3723,31940608,6632
100000,0,on,pan,51,1.8997,1.8197,7.3723,31940608,6647
100000,0,on,pan,52,2.1824,2.1173,7.3723,31940608,6631
100000,0,on,pan,53,1.9847,1.917,7.3723,31940608,6647
100000,0,on,pan,54,2.4874,2.399,7.3723,31940608,6639
100000,0,on,pan,55,1.8771,1.7886,7.3723,31940608,6643
100000,0,on,pan,56,2.1658,2.0983,7.3723,31940608,6647
100000,0,on,pan,57,2.1885,2.097,7.3723,31940608,6636
100000,0,on,pan,58,1.8588,1.7503,7.3723,31940608,6647
100000,0,on,pan,59,1.779,1.7115,7.3723,31940608,6630
100000,0,on,pan,60,2.1021,2.0326,7.3723,31940608,6647
100000,0,on,pan,61,1.8634,1.7843,7.3723,31940608,6635
100000,0,on,pan,62,1.7724,1.7112,7.3723,31940608,6647
100000,0,on,pan,63,2.1702,2.1042,7.3723,31940608,6630
100000,0,on,pan,64,2.4965,2.4172,7.3723,31940608,6647
100000,0,on,pan,65,2.1773,2.0649,7.3723,31940608,6635
100000,0,on,pan,66,2.1375,2.0718,7.3723,31940608,6647
100000,0,on,pan,67,2.0313,1.9494,7.3723,31940608,6643
100000,0,on,pan,68,1.8082,1.727,7.3723,31940608,6639
100000,0,on,pan,69,1.8732,1.816,7.3723,31940608,6647
100000,0,on,pan,70,1.8839,1.8259,7.3723,31940608,6632
100000,0,on,pan,71,1.9474,1.8775,7.3723,31940608,6647
100000,0,on,pan,72,1.9067,1.8302,7.3723,31940608,6631
100000,0,on,pan,73,1.7602,1.6976,7.3723,31940608,6647
100000,0,on,pan,74,2.1581,2.0835,7.3723,31940608,6639
100000,0,on,pan,75,1.8585,1.785,7.3723,31940608,6643
100000,0,on,pan,76,1.9137,1.8374,7.3723,31940608,6647
100000,0,on,pan,77,2.0303,1.939,7.3723,31940608,6636
100000,0,on,pan,78,2.1261,2.047,7.3723,31940608,6647
100000,0,on,pan,79,1.8844,1.8106,7.3723,31940608,6630
100000,0,on,pan,80,1.9489,1.8858,7.3723,31940608,6647
100000,0,on,pan,81,1.9283,1.8561,7.3723,31940608,6635
100000,0,on,pan,82,2.067,1.9873,7.3723,31940608,6647
100000,0,on,pan,83,1.8849,1.8159,7.3723,31940608,6630
100000,0,on,pan,84,2.1353,2.0627,7.3723,31940608,6647
100000,0,on,pan,85,2.2459,2.1368,7.3723,31940608,6635
100000,0,on,pan,86,1.8523,1.7701,7.3723,31940608,6647
100000,0,on,pan,87,2.0363,1.9704,7.3723,31940608,6643
100000,0,on,pan,88,2.5375,2.4364,7.3723,31940608,6639
100000,0,on,pan,89,2.0455,1.9368,7.3723,31940608,6647
100000,0,on,pan,90,1.9168,1.8253,7.3723,31940608,6632
100000,0,on,pan,91,2.081,1.9898,7.3723,31940608,6647
100000,0,on,pan,92,2.3001,2.1967,7.3723,31940608,6631
100000,0,on,pan,93,2.0838,1.9875,7.3723,31940608,6647
100000,0,on,pan,94,2.5363,2.4544,7.3723,31940608,6639
100000,0,on,pan,95,3.0249,2.833,7.3723,31940608,6643
100000,0,on,pan,96,1.9787,1.8873,7.3723,31940608,6647
100000,0,on,pan,97,1.9878,1.9152,7.3723,31940608,6636
100000,0,on,pan,98,2.0975,2.0115,7.3723,31940608,6647
100000,0,on,pan,99,1.8899,1.8237,7.3723,31940608,6630
100000,0,on,pan,100,2.4172,2.3276,7.3723,31940608,6647
100000,0,on,pan,101,2.4935,2.3886,7.3723,31940608,6635
100000,0,on,pan,102,1.9241,1.8334,7.3723,31940608,6647
100000,0,on,pan,103,1.9796,1.9165,7.3723,31940608,6630
100000,0,on,pan,104,2.5314,2.4491,7.3723,31940608,6647
100000,0,on,pan,105,1.9984,1.8773,7.3723,31940608,6635
100000,0,on,pan,106,2.2327,2.1692,7.3723,31940608,6647
100000,0,on,pan,107,2.3168,2.2429,7.3723,31940608,6643
100000,0,on,pan,108,1.9314,1.8417,7.3723,31940608,6639
100000,0,on,pan,109,2.2656,2.1808,7.3723,31940608,6647
100000,0,on,pan,110,2.2186,2.1412,7.3723,31940608,6632
100000,0,on,pan,111,2.0271,1.9346,7.3723,31940608,6647
100000,0,on,pan,112,1.8434,1.7836,7.3723,31940608,6631
100000,0,on,pan,113,2.035,1.9698,7.3723,31940608,6647
100000,0,on,pan,114,2.0308,1.9461,7.3723,31940608,6639
100000,0,on,pan,115,1.9017,1.8317,7.3723,31940608,6643
100000,0,on,pan,116,1.9806,1.9206,7.3723,31940608,6647
100000,0,on,pan,117,2.063,1.9929,7.3723,31940608,6636
100000,0,on,pan,118,2.0812,1.9843,7.3723,31940608,6647
100000,0,on,pan,119,1.8547,1.7909,7.3723,31940608,6630
100000,0,on,hover,0,7.2471,6.4748,7.3723,31940608,26571
100000,0,on,hover,1,7.8904,7.5745,7.3723,31940608,26571
100000,0,on,hover,2,8.285,7.7082,7.3723,31940608,26571
100000,0,on,hover,3,7.3837,7.0176,7.3723,31940608,26571
100000,0,on,hover,4,7.7918,7.4892,7.3723,31940608,26571
100000,0,on,hover,5,7.1929,6.8377,7.3723,31940608,26571
100000,0,on,hover,6,7.0591,6.7428,7.3723,31940608,26571
100000,0,on,hover,7,6.6595,6.347,7.3723,31940608,26571
100000,0,on,hover,8,7.404,7.1608,7.3723,31940608,26571
100000,0,on,hover,9,7.087,6.8032,7.3723,31940608,26571
100000,0,on,hover,10,7.5074,7.2895,7.3723,31940608,26571
100000,0,on,hover,11,6.4704,6.2419,7.3723,31940608,26571
100000,0,on,hover,12,6.7687,6.5589,7.3723,31940608,26571
100000,0,on,hover,13,6.8881,6.6574,7.3723,31940608,26571
100000,0,on,hover,14,6.8529,6.5469,7.3723,31940608,26571
100000,0,on,hover,15,7.3658,7.0811,7.3723,31940608,26571
100000,0,on,hover,16,7.1288,6.868,7.3723,31940608,26571
100000,0,on,hover,17,6.9497,6.7261,7.3723,31940608,26571
100000,0,on,hover,18,8.0564,7.1536,7.3723,31940608,26571
100000,0,on,hover,19,8.9862,8.6312,7.3723,31940608,26571
100000,0,on,hover,20,7.738,7.2719,7.3723,31940608,26571
100000,0,on,hover,21,8.8681,8.4431,7.3723,31940608,26571
100000,0,on,hover,22,9.781,9.4028,7.3723,31940608,26571
100000,0,on,hover,23,8.6362,8.1937,7.3723,31940608,26571
100000,0,on,hover,24,6.9829,6.6742,7.3723,31940608,26571
100000,0,on,hover,25,7.5156,6.6306,7.3723,31940608,26571
100000,0,on,hover,26,7.5662,6.6511,7.3723,31940608,26571
100000,0,on,hover,27,7.5984,6.5838,7.3723,31940608,26571
100000,0,on,hover,28,6.8981,6.1963,7.3723,31940608,26571
100000,0,on,hover,29,7.1977,6.8058,7.3723,31940608,26571
100000,0,on,hover,30,7.2401,6.9533,7.3723,31940608,26571
100000,0,on,hover,31,7.6688,7.3714,7.3723,31940608,26571
100000,0,on,hover,32,7.7715,7.4621,7.3723,31940608,26571
100000,0,on,hover,33,7.4822,7.135,7.3723,31940608,26571
100000,0,on,hover,34,7.3826,7.0872,7.3723,31940608,26571
100000,0,on,hover,35,7.1767,6.8879,7.3723,31940608,26571
100000,0,on,hover,36,7.5623,7.1666,7.3723,31940608,26571
100000,0,on,hover,37,7.3218,7.0213,7.3723,31940608,26571
100000,0,on,hover,38,7.4052,7.0535,7.3723,31940608,26571
100000,0,on,hover,39,7.4134,7.0711,7.3723,31940608,26571
100000,0,on,hover,40,7.2575,6.9589,7.3723,31940608,26571
100000,0,on,hover,41,7.1564,6.8484,7.3723,31940608,26571
100000,0,on,hover,42,7.5125,7.1569,7.3723,31940608,26571
100000,0,on,hover,43,6.6016,6.3119,7.3723,31940608,26571
100000,0,on,hover,44,7.0414,6.764,7.3723,31940608,26571
100000,0,on,hover,45,7.4155,6.9158,7.3723,31940608,26571
100000,0,on,hover,46,7.1859,6.9301,7.3723,31940608,26571
100000,0,on,hover,47,7.3211,7.1231,7.3723,31940608,26571
100000,0,on,hover,48,7.8595,7.6206,7.3723,31940608,26571
100000,0,on,hover,49,7.5324,7.1709,7.3723,31940608,26571
100000,0,on,hover,50,7.3321,7.0099,7.3723,31940608,26571
100000,0,on,hover,51,8.109,7.8365,7.3723,31940608,26571
100000,0,on,hover,52,7.2399,6.8356,7.3723,31940608,26571
100000,0,on,hover,53,6.6467,6.3114,7.3723,31940608,26571
100000,0,on,hover,54,7.1005,6.7328,7.3723,31940608,26571
100000,0,on,hover,55,7.2135,6.8667,7.3723,31940608,26571
100000,0,on,hover,56,7.5031,7.1441,7.3723,31940608,26571
100000,0,on,hover,57,8.1332,7.8752,7.3723,31940608,26571
100000,0,on,hover,58,8.1228,7.3681,7.3723,31940608,26571
100000,0,on,hover,59,6.932,6.661,7.3723,31940608,26571
100000,0,on,hover,60,6.4558,6.1871,7.3723,31940608,26571
100000,0,on,hover,61,6.2225,6.0646,7.3723,31940608,26571
100000,0,on,hover,62,6.3753,6.2176,7.3723,31940608,26571
100000,0,on,hover,63,6.6905,6.5053,7.3723,31940608,26571
100000,0,on,hover,64,6.5753,6.1422,7.3723,31940608,26571
100000,0,on,hover,65,6.1026,5.9559,7.3723,31940608,26571
100000,0,on,hover,66,6.1155,5.9925,7.3723,31940608,26571
100000,0,on,hover,67,6.8378,6.6039,7.3723,31940608,26571
100000,0,on,hover,68,7.0573,6.7534,7.3723,31940608,26571
100000,0,on,hover,69,6.7158,6.5628,7.3723,31940608,26571
100000,0,on,hover,70,6.6711,6.5354,7.3723,31940608,26571
100000,0,on,hover,71,7.5485,7.2268,7.3723,31940608,26571
100000,0,on,hover,72,6.629,6.3699,7.3723,31940608,26571
100000,0,on,hover,73,7.0167,6.8005,7.3723,31940608,26571
100000,0,on,hover,74,7.0855,6.8955,7.3723,31940608,26571
100000,0,on,hover,75,7.1083,6.9122,7.3723,31940608,26571
100000,0,on,hover,76,6.4247,6.2109,7.3723,31940608,26571
100000,0,on,hover,77,7.0785,6.8931,7.3723,31940608,26571
100000,0,on,hover,78,6.7329,6.5382,7.3723,31940608,26571
100000,0,on,hover,79,7.0403,6.8291,7.3723,31940608,26571
100000,0,on,hover,80,7.6148,7.3729,7.3723,31940608,26571
100000,0,on,hover,81,6.9224,6.4464,7.3723,31940608,26571
100000,0,on,hover,82,7.914,7.6047,7.3723,31940608,26571
100000,0,on,hover,83,7.1172,6.8202,7.3723,31940608,26571
100000,0,on,hover,84,5.8587,5.5222,7.3723,31940608,26571
100000,0,on,hover,85,5.665,5.415,7.3723,31940608,26571
100000,0,on,hover,86,5.6158,5.3966,7.3723,31940608,26571
100000,0,on,hover,87,5.5714,5.3464,7.3723,31940608,26571
100000,0,on,hover,88,5.6632,5.4436,7.3723,31940608,26571
100000,0,on,hover,89,5.6286,5.3908,7.3723,31940608,26571
100000,0,on,hover,90,5.5121,5.2925,7.3723,31940608,26571
100000,0,on,hover,91,5.6293,5.412,7.3723,31940608,26571
100000,0,on,hover,92,5.6364,5.4114,7.3723,31940608,26571
100000,0,on,hover,93,5.6772,5.4491,7.3723,31940608,26571
100000,0,on,hover,94,5.511,5.2967,7.3723,31940608,26571
100000,0,on,hover,95,5.6062,5.3865,7.3723,31940608,26571
100000,0,on,hover,96,5.5205,5.3024,7.3723,31940608,26571
100000,0,on,hover,97,5.653,5.4389,7.3723,31940608,26571
100000,0,on,hover,98,5.47,5.2579,7.3723,31940608,26571
100000,0,on,hover,99,5.6385,5.425,7.3723,31940608,26571
100000,0,on,hover,100,5.6147,5.3943,7.3723,31940608,26571
100000,0,on,hover,101,5.6358,5.4196,7.3723,31940608,26571
100000,0,on,hover,102,5.6591,5.4346,7.3723,31940608,26571
100000,0,on,hover,103,5.7108,5.449,7.3723,31940608,26571
100000,0,on,hover,104,5.6847,5.4598,7.3723,31940608,26571
100000,0,on,hover,105,5.7634,5.5309,7.3723,31940608,26571
100000,0,on,hover,106,7.2741,6.6648,7.3723,31940608,26571
100000,0,on,hover,107,6.9854,6.5759,7.3723,31940608,26571
100000,0,on,hover,108,6.9514,6.7213,7.3723,31940608,26571
100000,0,on,hover,109,7.0751,6.8531,7.3723,31940608,26571
100000,0,on,hover,110,6.6514,6.4516,7.3723,31940608,26571
100000,0,on,hover,111,6.7737,6.5964,7.3723,31940608,26571
100000,0,on,hover,112,6.5488,6.3873,7.3723,31940608,26571
100000,0,on,hover,113,6.9071,6.7054,7.3723,31940608,26571
100000,0,on,hover,114,6.8119,6.579,7.3723,31940608,26571
100000,0,on,hover,115,6.8722,6.71,7.3723,31940608,26571
100000,0,on,hover,116,6.163,6.0086,7.3723,31940608,26571
100000,0,on,hover,117,6.4835,6.317,7.3723,31940608,26571
100000,0,on,hover,118,6.7797,6.6252,7.3723,31940608,26571
100000,0,on,hover,119,6.2966,6.1365,7.3723,31940608,26571
100000,1,on,zoom,0,6.3618,6.2434,7.3723,31940608,21250
100000,1,on,zoom,1,8.1662,8.0613,7.3723,31940608,26571
100000,1,on,zoom,2,6.6478,6.546,7.3723,31940608,21250
100000,1,on,zoom,3,9.1128,9.0137,7.3723,31940608,26571
100000,1,on,zoom,4,6.0783,5.9243,7.3723,31940608,21250
100000,1,on,zoom,5,7.7743,7.5514,7.3723,31940608,26571
100000,1,on,zoom,6,6.5853,6.3525,7.3723,31940608,21250
100000,1,on,zoom,7,7.8986,7.6628,7.3723,31940608,26571
100000,1,on,zoom,8,6.7551,6.4947,7.3723,31940608,21250
100000,1,on,zoom,9,8.1606,7.9105,7.3723,31940608,26571
100000,1,on,zoom,10,6.5834,6.3666,7.3723,31940608,21250
100000,1,on,zoom,11,7.5322,7.3714,7.3723,31940608,26571
100000,1,on,zoom,12,6.0801,5.9372,7.3723,31940608,21250
100000,1,on,zoom,13,7.3015,7.1494,7.3723,31940608,26571
100000,1,on,zoom,14,6.4034,6.2471,7.3723,31940608,21250
100000,1,on,zoom,15,7.1831,7.0302,7.3723,31940608,26571
100000,1,on,zoom,16,7.5973,7.438,7.3723,31940608,21250
100000,1,on,zoom,17,8.1718,8.0598,7.3723,31940608,26571
100000,1,on,zoom,18,6.3173,6.2181,7.3723,31940608,21250
100000,1,on,zoom,19,7.7019,7.5474,7.3723,31940608,26571
100000,1,on,zoom,20,6.7263,6.5324,7.3723,31940608,21250
100000,1,on,zoom,21,7.7539,7.5862,7.3723,31940608,26571
100000,1,on,zoom,22,7.0296,6.8302,7.3723,31940608,21250
100000,1,on,zoom,23,8.7758,8.6043,7.3723,31940608,26571
100000,1,on,zoom,24,7.2169,6.9592,7.3723,31940608,21250
100000,1,on,zoom,25,9.549,9.332,7.3723,31940608,26571
100000,1,on,zoom,26,7.6266,7.3881,7.3723,31940608,21250
100000,1,on,zoom,27,8.0573,7.837,7.3723,31940608,26571
100000,1,on,zoom,28,7.1234,6.8994,7.3723,31940608,21250
100000,1,on,zoom,29,7.7931,7.5924,7.3723,31940608,26571
100000,1,on,zoom,30,6.4402,6.2811,7.3723,31940608,21250
100000,1,on,zoom,31,8.7587,8.6077,7.3723,31940608,26571
100000,1,on,zoom,32,6.9709,6.5716,7.3723,31940608,21250
100000,1,on,zoom,33,7.1001,6.9314,7.3723,31940608,26571
100000,1,on,zoom,34,6.7396,6.5464,7.3723,31940608,21250
100000,1,on,zoom,35,7.6025,7.4368,7.3723,31940608,26571
100000,1,on,zoom,36,5.945,5.7804,7.3723,31940608,21250
100000,1,on,zoom,37,7.9828,7.833,7.3723,31940608,26571
100000,1,on,zoom,38,6.2511,6.1091,7.3723,31940608,21250
100000,1,on,zoom,39,7.0631,6.9042,7.3723,31940608,26571
100000,1,on,zoom,40,5.934,5.7794,7.3723,31940608,21250
100000,1,on,zoom,41,7.3828,7.2352,7.3723,31940608,26571
100000,1,on,zoom,42,5.9387,5.7954,7.3723,31940608,21250
100000,1,on,zoom,43,8.2407,8.0916,7.3723,31940608,26571
100000,1,on,zoom,44,6.6161,6.3908,7.3723,31940608,21250
100000,1,on,zoom,45,6.8891,6.6967,7.3723,31940608,26571
100000,1,on,zoom,46,5.8802,5.7411,7.3723,31940608,21250
100000,1,on,zoom,47,7.2809,7.1489,7.3723,31940608,26571
100000,1,on,zoom,48,5.8369,5.7034,7.3723,31940608,21250
100000,1,on,zoom,49,7.2338,7.1022,7.3723,31940608,26571
100000,1,on,zoom,50,6.5639,6.4055,7.3723,31940608,21250
100000,1,on,zoom,51,8.6614,8.4774,7.3723,31940608,26571
100000,1,on,zoom,52,5.9673,5.7266,7.3723,31940608,21250
100000,1,on,zoom,53,7.9189,7.7706,7.3723,31940608,26571
100000,1,on,zoom,54,6.8747,6.6366,7.3723,31940608,21250
100000,1,on,zoom,55,8.2887,8.0714,7.3723,31940608,26571
100000,1,on,zoom,56,6.3987,6.167,7.3723,31940608,21250
100000,1,on,zoom,57,7.1537,6.9777,7.3723,31940608,26571
100000,1,on,zoom,58,6.0202,5.8106,7.3723,31940608,21250
100000,1,on,zoom,59,8.3226,8.1271,7.3723,31940608,26571
100000,1,on,zoom,60,6.3995,6.1332,7.3723,31940608,21250
100000,1,on,zoom,61,8.122,7.7865,7.3723,31940608,26571
100000,1,on,zoom,62,7.6408,7.408,7.3723,31940608,21250
100000,1,on,zoom,63,8.5897,8.3364,7.3723,31940608,26571
100000,1,on,zoom,64,6.9939,6.7723,7.3723,31940608,21250
100000,1,on,zoom,65,8.099,7.9396,7.3723,31940608,26571
100000,1,on,zoom,66,7.1206,6.9468,7.3723,31940608,21250
100000,1,on,zoom,67,7.507,7.29,7.3723,31940608,26571
100000,1,on,zoom,68,6.7687,6.5816,7.3723,31940608,21250
100000,1,on,zoom,69,7.3472,7.145,7.3723,31940608,26571
100000,1,on,zoom,70,6.2536,6.0837,7.3723,31940608,21250
100000,1,on,zoom,71,8.2101,8.0511,7.3723,31940608,26571
100000,1,on,zoom,72,6.492,6.2745,7.3723,31940608,21250
100000,1,on,zoom,73,7.0651,6.9197,7.3723,31940608,26571
100000,1,on,zoom,74,6.8315,6.6287,7.3723,31940608,21250
100000,1,on,zoom,75,8.3454,8.1122,7.3723,31940608,26571
100000,1,on,zoom,76,7.4741,7.1458,7.3723,31940608,21250
100000,1,on,zoom,77,8.8159,8.539,7.3723,31940608,26571
100000,1,on,zoom,78,7.2357,7.0241,7.3723,31940608,21250
100000,1,on,zoom,79,7.8749,7.6818,7.3723,31940608,26571
100000,1,on,zoom,80,7.0618,6.8641,7.3723,31940608,21250
100000,1,on,zoom,81,7.6837,7.5256,7.3723,31940608,26571
100000,1,on,zoom,82,6.6306,6.4537,7.3723,31940608,21250
100000,1,on,zoom,83,8.1932,8.0347,7.3723,31940608,26571
100000,1,on,zoom,84,7.5762,7.3937,7.3723,31940608,21250
100000,1,on,zoom,85,7.8036,7.6007,7.3723,31940608,26571
100000,1,on,zoom,86,7.0276,6.7361,7.3723,31940608,21250
100000,1,on,zoom,87,8.5724,8.2755,7.3723,31940608,26571
100000,1,on,zoom,88,6.6952,6.4746,7.3723,31940608,21250
100000,1,on,zoom,89,7.9311,7.7346,7.3723,31940608,26571
100000,1,on,zoom,90,7.2289,6.9556,7.3723,31940608,21250
100000,1,on,zoom,91,7.7796,7.5238,7.3723,31940608,26571
100000,1,on,zoom,92,7.0507,6.8115,7.3723,31940608,21250
100000,1,on,zoom,93,7.5861,7.4265,7.3723,31940608,26571
100000,1,on,zoom,94,7.2179,7.0436,7.3723,31940608,21250
100000,1,on,zoom,95,8.3444,8.1677,7.3723,31940608,26571
100000,1,on,zoom,96,7.5435,7.3258,7.3723,31940608,21250
100000,1,on,zoom,97,7.4438,7.1681,7.3723,31940608,26571
100000,1,on,zoom,98,7.4195,7.1305,7.3723,31940608,21250
100000,1,on,zoom,99,7.3607,7.1124,7.3723,31940608,26571
100000,1,on,zoom,100,6.6264,6.3625,7.3723,31940608,21250
100000,1,on,zoom,101,8.275,8.0598,7.3723,31940608,26571
100000,1,on,zoom,102,7.2919,7.111,7.3723,31940608,21250
100000,1,on,zoom,103,8.1201,7.8892,7.3723,31940608,26571
100000,1,on,zoom,104,7.4282,7.2326,7.3723,31940608,21250
100000,1,on,zoom,105,7.8819,7.6877,7.3723,31940608,26571
100000,1,on,zoom,106,6.3749,6.1846,7.3723,31940608,21250
100000,1,on,zoom,107,8.0403,7.8653,7.3723,31940608,26571
100000,1,on,zoom,108,6.8882,6.6899,7.3723,31940608,21250
100000,1,on,zoom,109,8.1164,7.8964,7.3723,31940608,26571
100000,1,on,zoom,110,6.6865,6.4819,7.3723,31940608,21250
100000,1,on,zoom,111,7.4557,7.2735,7.3723,31940608,26571
100000,1,on,zoom,112,6.2661,6.0274,7.3723,31940608,21250
100000,1,on,zoom,113,8.0445,7.8805,7.3723,31940608,26571
100000,1,on,zoom,114,6.2325,6.0207,7.3723,31940608,21250
100000,1,on,zoom,115,7.3465,7.0308,7.3723,31940608,26571
100000,1,on,zoom,116,8.2279,8.0467,7.3723,31940608,21250
100000,1,on,zoom,117,10.0565,9.6858,7.3723,31940608,26571
100000,1,on,zoom,118,6.4835,6.159,7.3723,31940608,21250
100000,1,on,zoom,119,7.7469,7.555,7.3723,31940608,26571
100000,1,on,pan,0,1.964,1.8364,7.3723,31940608,6647
100000,1,on,pan,1,2.2768,2.1478,7.3723,31940608,6635
100000,1,on,pan,2,2.1785,2.0446,7.3723,31940608,6647
100000,1,on,pan,3,2.1322,1.9771,7.3723,31940608,6630
100000,1,on,pan,4,2.074,1.9565,7.3723,31940608,6647
100000,1,on,pan,5,2.1421,2.0216,7.3723,31940608,6635
100000,1,on,pan,6,2.107,1.9842,7.3723,31940608,6647
100000,1,on,pan,7,2.1307,2.0125,7.3723,31940608,6643
100000,1,on,pan,8,2.1218,1.9873,7.3723,31940608,6639
100000,1,on,pan,9,2.2344,2.0873,7.3723,31940608,6647
100000,1,on,pan,10,2.0998,1.9719,7.3723,31940608,6632
100000,1,on,pan,11,2.1699,2.0397,7.3723,31940608,6647
100000,1,on,pan,12,2.8906,2.7563,7.3723,31940608,6631
100000,1,on,pan,13,2.117,2.0273,7.3723,31940608,6647
100000,1,on,pan,14,2.2952,2.137,7.3723,31940608,6639
100000,1,on,pan,15,2.2946,2.1698,7.3723,31940608,6643
100000,1,on,pan,16,2.3119,2.1274,7.3723,31940608,6647
100000,1,on,pan,17,2.1803,2.0098,7.3723,31940608,6636
100000,1,on,pan,18,2.3267,2.1703,7.3723,31940608,6647
100000,1,on,pan,19,2.3586,2.2287,7.3723,31940608,6630
100000,1,on,pan,20,2.3303,2.1597,7.3723,31940608,6647
100000,1,on,pan,21,2.4175,2.2854,7.3723,31940608,6635
100000,1,on,pan,22,2.2014,2.0814,7.3723,31940608,6647
100000,1,on,pan,23,2.112,1.9971,7.3723,31940608,6630
100000,1,on,pan,24,2.5392,2.41,7.3723,31940608,6647
100000,1,on,pan,25,2.4116,2.2386,7.3723,31940608,6635
100000,1,on,pan,26,2.2354,2.1007,7.3723,31940608,6647
100000,1,on,pan,27,2.3362,2.1994,7.3723,31940608,6643
100000,1,on,pan,28,2.1956,2.0654,7.3723,31940608,6639
100000,1,on,pan,29,2.3551,2.2251,7.3723,31940608,6647
100000,1,on,pan,30,2.694,2.5149,7.3723,31940608,6632
100000,1,on,pan,31,2.4636,2.3084,7.3723,31940608,6647
100000,1,on,pan,32,2.6181,2.468,7.3723,31940608,6631
100000,1,on,pan,33,2.3488,2.1688,7.3723,31940608,6647
100000,1,on,pan,34,2.4379,2.2883,7.3723,31940608,6639
100000,1,on,pan,35,2.5286,2.3283,7.3723,31940608,6643
100000,1,on,pan,36,2.2897,2.1342,7.3723,31940608,6647
100000,1,on,pan,37,2.3137,2.1355,7.3723,31940608,6636
100000,1,on,pan,38,2.3256,2.1771,7.3723,31940608,6647
100000,1,on,pan,39,2.2194,2.0792,7.3723,31940608,6630
100000,1,on,pan,40,2.1698,2.0336,7.3723,31940608,6647
100000,1,on,pan,41,2.1493,2.0222,7.3723,31940608,6635
100000,1,on,pan,42,2.1522,2.0277,7.3723,31940608,6647
100000,1,on,pan,43,2.1587,2.0281,7.3723,31940608,6630
100000,1,on,pan,44,2.417,2.2502,7.3723,31940608,6647
100000,1,on,pan,45,2.9166,2.6751,7.3723,31940608,6635
100000,1,on,pan,46,2.3078,2.1355,7.3723,31940608,6647
100000,1,on,pan,47,2.3939,2.2455,7.3723,31940608,6643
100000,1,on,pan,48,2.8676,2.649,7.3723,31940608,6639
100000,1,on,pan,49,2.2412,2.1061,7.3723,31940608,6647
100000,1,on,pan,50,2.6905,2.557,7.3723,31940608,6632
100000,1,on,pan,51,2.1614,2.0192,7.3723,31940608,6647
100000,1,on,pan,52,2.191,2.0612,7.3723,31940608,6631
100000,1,on,pan,53,2.2159,2.0881,7.3723,31940608,6647
100000,1,on,pan,54,2.1716,2.0313,7.3723,31940608,6639
100000,1,on,pan,55,2.1413,2.0091,7.3723,31940608,6643
100000,1,on,pan,56,2.1896,2.0618,7.3723,31940608,6647
100000,1,on,pan,57,2.1791,2.0395,7.3723,31940608,6636
100000,1,on,pan,58,2.293,2.1653,7.3723,31940608,6647
100000,1,on,pan,59,2.4551,2.2747,7.3723,31940608,6630
100000,1,on,pan,60,2.9214,2.7501,7.3723,31940608,6647
100000,1,on,pan,61,2.3891,2.2521,7.3723,31940608,6635
100000,1,on,pan,62,2.3547,2.2159,7.3723,31940608,6647
100000,1,on,pan,63,2.3963,2.2511,7.3723,31940608,6630
100000,1,on,pan,64,2.3136,2.1937,7.3723,31940608,6647
100000,1,on,pan,65,2.2669,2.114,7.3723,31940608,6635
100000,1,on,pan,66,2.2645,2.1011,7.3723,31940608,6647
100000,1,on,pan,67,2.3325,2.2025,7.3723,31940608,6643
100000,1,on,pan,68,2.4998,2.3297,7.3723,31940608,6639
100000,1,on,pan,69,2.1887,2.041,7.3723,31940608,6647
100000,1,on,pan,70,2.3651,2.233,7.3723,31940608,6632
100000,1,on,pan,71,2.911,2.7646,7.3723,31940608,6647
100000,1,on,pan,72,2.8076,2.5731,7.3723,31940608,6631
100000,1,on,pan,73,2.2942,2.1104,7.3723,31940608,6647
100000,1,on,pan,74,2.2447,2.1088,7.3723,31940608,6639
100000,1,on,pan,75,2.2639,2.1282,7.3723,31940608,6643
100000,1,on,pan,76,2.2499,2.0807,7.3723,31940608,6647
100000,1,on,pan,77,2.2478,2.1127,7.3723,31940608,6636
100000,1,on,pan,78,2.1813,2.0425,7.3723,31940608,6647
100000,1,on,pan,79,2.3064,2.1534,7.3723,31940608,6630
100000,1,on,pan,80,2.175,2.0288,7.3723,31940608,6647
100000,1,on,pan,81,2.1286,1.9878,7.3723,31940608,6635
100000,1,on,pan,82,2.3204,2.1827,7.3723,31940608,6647
100000,1,on,pan,83,2.2558,2.099,7.3723,31940608,6630
100000,1,on,pan,84,2.0809,1.9566,7.3723,31940608,6647
100000,1,on,pan,85,2.6226,2.4642,7.3723,31940608,6635
100000,1,on,pan,86,2.5585,2.3677,7.3723,31940608,6647
100000,1,on,pan,87,2.0898,1.9649,7.3723,31940608,6643
100000,1,on,pan,88,2.2583,2.1189,7.3723,31940608,6639
100000,1,on,pan,89,2.0806,1.9511,7.3723,31940608,6647
100000,1,on,pan,90,2.114,1.9882,7.3723,31940608,6632
100000,1,on,pan,91,2.1873,2.0462,7.3723,31940608,6647
100000,1,on,pan,92,2.6531,2.4619,7.3723,31940608,6631
100000,1,on,pan,93,2.2704,2.0857,7.3723,31940608,6647
100000,1,on,pan,94,2.1735,2.0387,7.3723,31940608,6639
100000,1,on,pan,95,2.2935,2.1416,7.3723,31940608,6643
100000,1,on,pan,96,2.1199,1.9978,7.3723,31940608,6647
100000,1,on,pan,97,2.2627,2.1342,7.3723,31940608,6636
100000,1,on,pan,98,2.4807,2.3292,7.3723,31940608,6647
100000,1,on,pan,99,2.1573,2.025,7.3723,31940608,6630
100000,1,on,pan,100,2.3086,2.1654,7.3723,31940608,6647
100000,1,on,pan,101,2.747,2.5387,7.3723,31940608,6635
100000,1,on,pan,102,2.1484,2.0036,7.3723,31940608,6647
100000,1,on,pan,103,2.1901,2.0667,7.3723,31940608,6630
100000,1,on,pan,104,2.1203,1.9823,7.3723,31940608,6647
100000,1,on,pan,105,2.1247,1.9965,7.3723,31940608,6635
100000,1,on,pan,106,2.1527,2.0279,7.3723,31940608,6647
100000,1,on,pan,107,2.087,1.9622,7.3723,31940608,6643
100000,1,on,pan,108,2.0866,1.966,7.3723,31940608,6639
100000,1,on,pan,109,2.1277,2.0057,7.3723,31940608,6647
100000,1,on,pan,110,2.1369,2.0126,7.3723,31940608,6632
100000,1,on,pan,111,2.0931,1.9716,7.3723,31940608,6647
100000,1,on,pan,112,2.0689,1.9489,7.3723,31940608,6631
100000,1,on,pan,113,2.1345,2.0049,7.3723,31940608,6647
100000,1,on,pan,114,2.0701,1.9463,7.3723,31940608,6639
100000,1,on,pan,115,2.3708,2.2474,7.3723,31940608,6643
100000,1,on,pan,116,2.1492,2.0721,7.3723,31940608,6647
100000,1,on,pan,117,2.0638,1.9849,7.3723,31940608,6636
100000,1,on,pan,118,2.0587,1.9523,7.3723,31940608,6647
100000,1,on,pan,119,2.4089,2.3309,7.3723,31940608,6630
100000,1,on,hover,0,5.9399,5.5113,7.3723,31940608,26571
100000,1,on,hover,1,5.82,5.5728,7.3723,31940608,26571
100000,1,on,hover,2,5.7579,5.5153,7.3723,31940608,26571
100000,1,on,hover,3,5.7432,5.519,7.3723,31940608,26571
100000,1,on,hover,4,6.0609,5.8223,7.3723,31940608,26571
100000,1,on,hover,5,6.0424,5.74,7.3723,31940608,26571
100000,1,on,hover,6,5.7639,5.3943,7.3723,31940608,26571
100000,1,on,hover,7,6.9885,6.4872,7.3723,31940608,26571
100000,1,on,hover,8,7.03,6.7976,7.3723,31940608,26571
100000,1,on,hover,9,6.6929,6.4403,7.3723,31940608,26571
100000,1,on,hover,10,7.5162,7.1585,7.3723,31940608,26571
100000,1,on,hover,11,7.8915,7.5108,7.3723,31940608,26571
100000,1,on,hover,12,6.5692,6.2817,7.3723,31940608,26571
100000,1,on,hover,13,6.6408,6.4021,7.3723,31940608,26571
100000,1,on,hover,14,6.1735,5.7946,7.3723,31940608,26571
100000,1,on,hover,15,5.8074,5.4838,7.3723,31940608,26571
100000,1,on,hover,16,6.5892,5.803,7.3723,31940608,26571
100000,1,on,hover,17,6.0932,5.737,7.3723,31940608,26571
100000,1,on,hover,18,6.2812,5.9222,7.3723,31940608,26571
100000,1,on,hover,19,7.4704,6.9228,7.3723,31940608,26571
100000,1,on,hover,20,6.3584,5.9352,7.3723,31940608,26571
100000,1,on,hover,21,5.7494,5.3763,7.3723,31940608,26571
100000,1,on,hover,22,5.5696,5.3161,7.3723,31940608,26571
100000,1,on,hover,23,5.8406,5.6004,7.3723,31940608,26571
100000,1,on,hover,24,5.7099,5.4583,7.3723,31940608,26571
100000,1,on,hover,25,5.8184,5.5806,7.3723,31940608,26571
100000,1,on,hover,26,6.4184,5.6692,7.3723,31940608,26571
100000,1,on,hover,27,5.9484,5.6296,7.3723,31940608,26571
100000,1,on,hover,28,6.7897,6.5464,7.3723,31940608,26571
100000,1,on,hover,29,6.7372,6.5438,7.3723,31940608,26571
100000,1,on,hover,30,6.4853,6.2885,7.3723,31940608,26571
100000,1,on,hover,31,6.4263,6.233,7.3723,31940608,26571
100000,1,on,hover,32,6.4835,6.3292,7.3723,31940608,26571
100000,1,on,hover,33,6.7931,6.6344,7.3723,31940608,26571
100000,1,on,hover,34,6.8391,6.6605,7.3723,31940608,26571
100000,1,on,hover,35,6.9889,6.7889,7.3723,31940608,26571
100000,1,on,hover,36,7.3295,7.0942,7.3723,31940608,26571
100000,1,on,hover,37,6.9847,6.7685,7.3723,31940608,26571
100000,1,on,hover,38,6.6633,6.4078,7.3723,31940608,26571
100000,1,on,hover,39,6.3344,6.1808,7.3723,31940608,26571
100000,1,on,hover,40,6.7927,6.6444,7.3723,31940608,26571
100000,1,on,hover,41,7.3218,7.111,7.3723,31940608,26571
100000,1,on,hover,42,6.9217,6.6117,7.3723,31940608,26571
100000,1,on,hover,43,6.7774,6.4351,7.3723,31940608,26571
100000,1,on,hover,44,6.886,6.5782,7.3723,31940608,26571
100000,1,on,hover,45,5.7761,5.4775,7.3723,31940608,26571
100000,1,on,hover,46,5.9322,5.6553,7.3723,31940608,26571
100000,1,on,hover,47,6.2989,5.9949,7.3723,31940608,26571
100000,1,on,hover,48,6.2188,5.7846,7.3723,31940608,26571
100000,1,on,hover,49,6.5093,6.138,7.3723,31940608,26571
100000,1,on,hover,50,6.7418,6.3644,7.3723,31940608,26571
100000,1,on,hover,51,5.8191,5.5698,7.3723,31940608,26571
100000,1,on,hover,52,5.6765,5.4275,7.3723,31940608,26571
100000,1,on,hover,53,5.6323,5.4106,7.3723,31940608,26571
100000,1,on,hover,54,5.4867,5.267,7.3723,31940608,26571
100000,1,on,hover,55,5.6336,5.4153,7.3723,31940608,26571
100000,1,on,hover,56,5.5094,5.2869,7.3723,31940608,26571
100000,1,on,hover,57,5.6434,5.4265,7.3723,31940608,26571
100000,1,on,hover,58,5.623,5.4062,7.3723,31940608,26571
100000,1,on,hover,59,5.5915,5.3783,7.3723,31940608,26571
100000,1,on,hover,60,5.7139,5.4917,7.3723,31940608,26571
100000,1,on,hover,61,5.8041,5.5194,7.3723,31940608,26571
100000,1,on,hover,62,5.6974,5.4493,7.3723,31940608,26571
100000,1,on,hover,63,5.6828,5.43,7.3723,31940608,26571
100000,1,on,hover,64,5.6709,5.4506,7.3723,31940608,26571
100000,1,on,hover,65,5.5164,5.2924,7.3723,31940608,26571
100000,1,on,hover,66,5.5867,5.3505,7.3723,31940608,26571
100000,1,on,hover,67,5.4887,5.2661,7.3723,31940608,26571
100000,1,on,hover,68,5.4981,5.2717,7.3723,31940608,26571
100000,1,on,hover,69,5.5462,5.3207,7.3723,31940608,26571
100000,1,on,hover,70,5.6157,5.3954,7.3723,31940608,26571
100000,1,on,hover,71,5.6414,5.4283,7.3723,31940608,26571
100000,1,on,hover,72,5.6216,5.4061,7.3723,31940608,26571
100000,1,on,hover,73,5.6209,5.4003,7.3723,31940608,26571
100000,1,on,hover,74,5.6925,5.4673,7.3723,31940608,26571
100000,1,on,hover,75,5.541,5.2746,7.3723,31940608,26571
100000,1,on,hover,76,5.6158,5.3991,7.3723,31940608,26571
100000,1,on,hover,77,5.6391,5.4246,7.3723,31940608,26571
100000,1,on,hover,78,5.6086,5.3899,7.3723,31940608,26571
100000,1,on,hover,79,5.6163,5.4045,7.3723,31940608,26571
100000,1,on,hover,80,5.6331,5.4086,7.3723,31940608,26571
100000,1,on,hover,81,5.5001,5.285,7.3723,31940608,26571
100000,1,on,hover,82,5.6372,5.4234,7.3723,31940608,26571
100000,1,on,hover,83,6.86,6.5824,7.3723,31940608,26571
100000,1,on,hover,84,6.3299,6.1247,7.3723,31940608,26571
100000,1,on,hover,85,7.3911,7.2136,7.3723,31940608,26571
100000,1,on,hover,86,6.0062,5.5221,7.3723,31940608,26571
100000,1,on,hover,87,5.7476,5.4861,7.3723,31940608,26571
100000,1,on,hover,88,5.5674,5.2892,7.3723,31940608,26571
100000,1,on,hover,89,5.6399,5.4062,7.3723,31940608,26571
100000,1,on,hover,90,5.7246,5.5007,7.3723,31940608,26571
100000,1,on,hover,91,5.6642,5.4185,7.3723,31940608,26571
100000,1,on,hover,92,5.6256,5.4051,7.3723,31940608,26571
100000,1,on,hover,93,5.7683,5.548,7.3723,31940608,26571
100000,1,on,hover,94,5.7679,5.533,7.3723,31940608,26571
100000,1,on,hover,95,5.5576,5.3405,7.3723,31940608,26571
100000,1,on,hover,96,5.7761,5.5225,7.3723,31940608,26571
100000,1,on,hover,97,5.7099,5.4559,7.3723,31940608,26571
100000,1,on,hover,98,5.6955,5.4559,7.3723,31940608,26571
100000,1,on,hover,99,5.6083,5.3852,7.3723,31940608,26571
100000,1,on,hover,100,5.6578,5.4376,7.3723,31940608,26571
100000,1,on,hover,101,5.6419,5.4264,7.3723,31940608,26571
100000,1,on,hover,102,5.6064,5.3934,7.3723,31940608,26571
100000,1,on,hover,103,5.6356,5.4201,7.3723,31940608,26571
100000,1,on,hover,104,5.6937,5.4594,7.3723,31940608,26571
100000,1,on,hover,105,5.6531,5.4322,7.3723,31940608,26571
100000,1,on,hover,106,5.6494,5.4277,7.3723,31940608,26571
100000,1,on,hover,107,5.4832,5.2687,7.3723,31940608,26571
100000,1,on,hover,108,5.5175,5.304,7.3723,31940608,26571
100000,1,on,hover,109,5.5411,5.3221,7.3723,31940608,26571
100000,1,on,hover,110,5.6322,5.4022,7.3723,31940608,26571
100000,1,on,hover,111,5.5081,5.2899,7.3723,31940608,26571
100000,1,on,hover,112,5.7014,5.481,7.3723,31940608,26571
100000,1,on,hover,113,5.6232,5.4022,7.3723,31940608,26571
100000,1,on,hover,114,5.6301,5.3939,7.3723,31940608,26571
100000,1,on,hover,115,5.7321,5.4909,7.3723,31940608,26571
100000,1,on,hover,116,5.693,5.4575,7.3723,31940608,26571
100000,1,on,hover,117,5.6486,5.4163,7.3723,31940608,26571
100000,1,on,hover,118,6.8585,6.1877,7.3723,31940608,26571
100000,1,on,hover,119,6.5641,6.3871,7.3723,31940608,26571
100000,1,off,zoom,0,6.2567,6.1578,7.3723,31940608,21250
100000,1,off,zoom,1,8.0341,7.9395,7.3723,31940608,26571
100000,1,off,zoom,2,6.2503,6.1272,7.3723,31940608,21250
100000,1,off,zoom,3,9.1178,9.0349,7.3723,31940608,26571
100000,1,off,zoom,4,5.5335,5.4356,7.3723,31940608,21250
100000,1,off,zoom,5,6.8959,6.7688,7.3723,31940608,26571
100000,1,off,zoom,6,5.8863,5.759,7.3723,31940608,21250
100000,1,off,zoom,7,6.7983,6.6721,7.3723,31940608,26571
100000,1,off,zoom,8,6.3526,6.2131,7.3723,31940608,21250
100000,1,off,zoom,9,6.9832,6.829,7.3723,31940608,26571
100000,1,off,zoom,10,5.911,5.7815,7.3723,31940608,21250
100000,1,off,zoom,11,6.9767,6.8469,7.3723,31940608,26571
100000,1,off,zoom,12,5.8062,5.678,7.3723,31940608,21250
100000,1,off,zoom,13,6.9039,6.7631,7.3723,31940608,26571
100000,1,off,zoom,14,6.3028,6.1613,7.3723,31940608,21250
100000,1,off,zoom,15,6.9709,6.8316,7.3723,31940608,26571
100000,1,off,zoom,16,5.9518,5.7936,7.3723,31940608,21250
100000,1,off,zoom,17,7.3881,7.2417,7.3723,31940608,26571
100000,1,off,zoom,18,6.1424,5.9639,7.3723,31940608,21250
100000,1,off,zoom,19,7.1395,7.0064,7.3723,31940608,26571
100000,1,off,zoom,20,6.6238,6.4768,7.3723,31940608,21250
100000,1,off,zoom,21,6.9022,6.7578,7.3723,31940608,26571
100000,1,off,zoom,22,6.0598,5.9215,7.3723,31940608,21250
100000,1,off,zoom,23,7.0317,6.8965,7.3723,31940608,26571
100000,1,off,zoom,24,5.8598,5.73,7.3723,31940608,21250
100000,1,off,zoom,25,7.0459,6.916,7.3723,31940608,26571
100000,1,off,zoom,26,6.3087,6.1676,7.3723,31940608,21250
100000,1,off,zoom,27,6.9933,6.8613,7.3723,31940608,26571
100000,1,off,zoom,28,5.9177,5.7795,7.3723,31940608,21250
100000,1,off,zoom,29,7.1925,7.0603,7.3723,31940608,26571
100000,1,off,zoom,30,5.7459,5.6206,7.3723,31940608,21250
100000,1,off,zoom,31,6.911,6.7827,7.3723,31940608,26571
100000,1,off,zoom,32,6.0948,5.9455,7.3723,31940608,21250
100000,1,off,zoom,33,6.9463,6.7899,7.3723,31940608,26571
100000,1,off,zoom,34,5.9133,5.7822,7.3723,31940608,21250
100000,1,off,zoom,35,7.356,7.2228,7.3723,31940608,26571
100000,1,off,zoom,36,6.1177,5.9427,7.3723,31940608,21250
100000,1,off,zoom,37,7.2555,7.1034,7.3723,31940608,26571
100000,1,off,zoom,38,8.0364,7.8413,7.3723,31940608,21250
100000,1,off,zoom,39,7.8689,7.7567,7.3723,31940608,26571
100000,1,off,zoom,40,6.3076,6.2184,7.3723,31940608,21250
100000,1,off,zoom,41,6.9525,6.8486,7.3723,31940608,26571
100000,1,off,zoom,42,5.8695,5.7423,7.3723,31940608,21250
100000,1,off,zoom,43,6.961,6.8335,7.3723,31940608,26571
100000,1,off,zoom,44,5.9726,5.8383,7.3723,31940608,21250
100000,1,off,zoom,45,7.1026,6.9702,7.3723,31940608,26571
100000,1,off,zoom,46,6.6982,6.5499,7.3723,31940608,21250
100000,1,off,zoom,47,7.2203,7.0793,7.3723,31940608,26571
100000,1,off,zoom,48,5.8985,5.7612,7.3723,31940608,21250
100000,1,off,zoom,49,7.1131,6.965,7.3723,31940608,26571
100000,1,off,zoom,50,6.0504,5.9034,7.3723,31940608,21250
100000,1,off,zoom,51,7.1533,6.9959,7.3723,31940608,26571
100000,1,off,zoom,52,7.1044,6.9445,7.3723,31940608,21250
100000,1,off,zoom,53,7.1353,6.9831,7.3723,31940608,26571
100000,1,off,zoom,54,5.9672,5.8104,7.3723,31940608,21250
100000,1,off,zoom,55,7.0707,6.9211,7.3723,31940608,26571
100000,1,off,zoom,56,7.1632,7.001,7.3723,31940608,21250
100000,1,off,zoom,57,7.2105,7.1192,7.3723,31940608,26571
100000,1,off,zoom,58,6.4578,6.374,7.3723,31940608,21250
100000,1,off,zoom,59,6.8469,6.7167,7.3723,31940608,26571
100000,1,off,zoom,60,6.2227,6.0829,7.3723,31940608,21250
100000,1,off,zoom,61,6.9762,6.8046,7.3723,31940608,26571
100000,1,off,zoom,62,6.1574,5.993,7.3723,31940608,21250
100000,1,off,zoom,63,7.1071,6.9266,7.3723,31940608,26571
100000,1,off,zoom,64,6.5929,6.4551,7.3723,31940608,21250
100000,1,off,zoom,65,7.0418,6.9064,7.3723,31940608,26571
100000,1,off,zoom,66,5.9978,5.8415,7.3723,31940608,21250
100000,1,off,zoom,67,7.0221,6.8626,7.3723,31940608,26571
100000,1,off,zoom,68,5.9475,5.7991,7.3723,31940608,21250
100000,1,off,zoom,69,7.0189,6.8728,7.3723,31940608,26571
100000,1,off,zoom,70,6.9942,6.8401,7.3723,31940608,21250
100000,1,off,zoom,71,7.0486,6.9076,7.3723,31940608,26571
100000,1,off,zoom,72,6.0772,5.9217,7.3723,31940608,21250
100000,1,off,zoom,73,7.4506,7.2509,7.3723,31940608,26571
100000,1,off,zoom,74,6.5224,6.3359,7.3723,31940608,21250
100000,1,off,zoom,75,7.8348,7.6474,7.3723,31940608,26571
100000,1,off,zoom,76,7.8847,7.7023,7.3723,31940608,21250
100000,1,off,zoom,77,7.8841,7.6887,7.3723,31940608,26571
100000,1,off,zoom,78,6.0893,5.9016,7.3723,31940608,21250
100000,1,off,zoom,79,7.234,7.0589,7.3723,31940608,26571
100000,1,off,zoom,80,6.174,6.002,7.3723,31940608,21250
100000,1,off,zoom,81,7.1513,7.0052,7.3723,31940608,26571
100000,1,off,zoom,82,7.2263,7.0813,7.3723,31940608,21250
100000,1,off,zoom,83,7.4973,7.3399,7.3723,31940608,26571
100000,1,off,zoom,84,6.7779,6.5728,7.3723,31940608,21250
100000,1,off,zoom,85,7.3184,7.1308,7.3723,31940608,26571
100000,1,off,zoom,86,6.1755,6.0341,7.3723,31940608,21250
100000,1,off,zoom,87,7.2781,7.1206,7.3723,31940608,26571
100000,1,off,zoom,88,6.7627,6.5967,7.3723,31940608,21250
100000,1,off,zoom,89,7.7769,7.6114,7.3723,31940608,26571
100000,1,off,zoom,90,6.7574,6.5638,7.3723,31940608,21250
100000,1,off,zoom,91,7.2833,7.0967,7.3723,31940608,26571
100000,1,off,zoom,92,6.3979,6.2538,7.3723,31940608,21250
100000,1,off,zoom,93,7.4686,7.2778,7.3723,31940608,26571
100000,1,off,zoom,94,6.3703,6.2114,7.3723,31940608,21250
100000,1,off,zoom,95,7.1217,6.9614,7.3723,31940608,26571
100000,1,off,zoom,96,6.0638,5.9096,7.3723,31940608,21250
100000,1,off,zoom,97,7.6497,7.4763,7.3723,31940608,26571
100000,1,off,zoom,98,6.4745,6.2983,7.3723,31940608,21250
100000,1,off,zoom,99,7.3384,7.192,7.3723,31940608,26571
100000,1,off,zoom,100,5.974,5.8183,7.3723,31940608,21250
100000,1,off,zoom,101,7.0351,6.9001,7.3723,31940608,26571
100000,1,off,zoom,102,5.9078,5.7697,7.3723,31940608,21250
100000,1,off,zoom,103,6.9808,6.8472,7.3723,31940608,26571
100000,1,off,zoom,104,6.4943,6.3258,7.3723,31940608,21250
100000,1,off,zoom,105,7.0061,6.8253,7.3723,31940608,26571
100000,1,off,zoom,106,6.0853,5.9556,7.3723,31940608,21250
100000,1,off,zoom,107,7.027,6.879,7.3723,31940608,26571
100000,1,off,zoom,108,6.0985,5.9571,7.3723,31940608,21250
100000,1,off,zoom,109,6.8736,6.7343,7.3723,31940608,26571
100000,1,off,zoom,110,6.0923,5.9618,7.3723,31940608,21250
100000,1,off,zoom,111,6.4697,6.3427,7.3723,31940608,26571
100000,1,off,zoom,112,5.9126,5.7771,7.3723,31940608,21250
100000,1,off,zoom,113,6.8762,6.7362,7.3723,31940608,26571
100000,1,off,zoom,114,5.4048,5.2722,7.3723,31940608,21250
100000,1,off,zoom,115,6.6907,6.5581,7.3723,31940608,26571
100000,1,off,zoom,116,5.8933,5.7613,7.3723,31940608,21250
100000,1,off,zoom,117,6.263,6.1393,7.3723,31940608,26571
100000,1,off,zoom,118,5.9613,5.8112,7.3723,31940608,21250
100000,1,off,zoom,119,7.1793,6.944,7.3723,31940608,26571
100000,1,off,pan,0,2.2395,2.1159,7.3723,31940608,6647
100000,1,off,pan,1,2.3854,2.2348,7.3723,31940608,6635
100000,1,off,pan,2,2.2519,2.0957,7.3723,31940608,6647
100000,1,off,pan,3,2.1116,1.9902,7.3723,31940608,6630
100000,1,off,pan,4,2.0905,1.9701,7.3723,31940608,6647
100000,1,off,pan,5,2.2599,2.0757,7.3723,31940608,6635
100000,1,off,pan,6,2.0576,1.9382,7.3723,31940608,6647
100000,1,off,pan,7,2.1212,2.0004,7.3723,31940608,6643
100000,1,off,pan,8,2.1424,2.0216,7.3723,31940608,6639
100000,1,off,pan,9,2.3489,2.224,7.3723,31940608,6647
100000,1,off,pan,10,2.0663,1.9414,7.3723,31940608,6632
100000,1,off,pan,11,2.1353,2.015,7.3723,31940608,6647
100000,1,off,pan,12,2.1195,2.0006,7.3723,31940608,6631
100000,1,off,pan,13,2.1961,2.0426,7.3723,31940608,6647
100000,1,off,pan,14,2.1568,2.021,7.3723,31940608,6639
100000,1,off,pan,15,2.1242,1.9984,7.3723,31940608,6643
100000,1,off,pan,16,2.1669,2.0459,7.3723,31940608,6647
100000,1,off,pan,17,2.0726,1.9496,7.3723,31940608,6636
100000,1,off,pan,18,2.0707,1.9466,7.3723,31940608,6647
100000,1,off,pan,19,2.0889,1.9724,7.3723,31940608,6630
100000,1,off,pan,20,2.0734,1.9496,7.3723,31940608,6647
100000,1,off,pan,21,2.2644,2.1391,7.3723,31940608,6635
100000,1,off,pan,22,2.0383,1.9242,7.3723,31940608,6647
100000,1,off,pan,23,2.188,2.0709,7.3723,31940608,6630
100000,1,off,pan,24,2.4281,2.3018,7.3723,31940608,6647
100000,1,off,pan,25,2.5296,2.365,7.3723,31940608,6635
100000,1,off,pan,26,2.1978,2.0541,7.3723,31940608,6647
100000,1,off,pan,27,2.3405,2.2047,7.3723,31940608,6643
100000,1,off,pan,28,2.4509,2.2744,7.3723,31940608,6639
100000,1,off,pan,29,2.1671,2.0479,7.3723,31940608,6647
100000,1,off,pan,30,2.2594,2.136,7.3723,31940608,6632
100000,1,off,pan,31,2.6137,2.4322,7.3723,31940608,6647
100000,1,off,pan,32,2.3797,2.1838,7.3723,31940608,6631
100000,1,off,pan,33,2.5062,2.3106,7.3723,31940608,6647
100000,1,off,pan,34,2.4932,2.3548,7.3723,31940608,6639
100000,1,off,pan,35,2.348,2.1881,7.3723,31940608,6643
100000,1,off,pan,36,2.6064,2.4251,7.3723,31940608,6647
100000,1,off,pan,37,2.672,2.4386,7.3723,31940608,6636
100000,1,off,pan,38,2.4021,2.2583,7.3723,31940608,6647
100000,1,off,pan,39,2.5848,2.4162,7.3723,31940608,6630
100000,1,off,pan,40,2.3333,2.0553,7.3723,31940608,6647
100000,1,off,pan,41,2.1524,2.0366,7.3723,31940608,6635
100000,1,off,pan,42,2.6355,2.5113,7.3723,31940608,6647
100000,1,off,pan,43,2.2056,2.0529,7.3723,31940608,6630
100000,1,off,pan,44,2.103,1.9827,7.3723,31940608,6647
100000,1,off,pan,45,2.1654,2.0354,7.3723,31940608,6635
100000,1,off,pan,46,2.5799,2.4631,7.3723,31940608,6647
100000,1,off,pan,47,2.3829,2.2962,7.3723,31940608,6643
100000,1,off,pan,48,2.9362,2.8213,7.3723,31940608,6639
100000,1,off,pan,49,2.1467,2.0611,7.3723,31940608,6647
100000,1,off,pan,50,2.6815,2.5839,7.3723,31940608,6632
100000,1,off,pan,51,2.4313,2.3178,7.3723,31940608,6647
100000,1,off,pan,52,2.6714,2.4781,7.3723,31940608,6631
100000,1,off,pan,53,3.09,2.9987,7.3723,31940608,6647
100000,1,off,pan,54,2.208,2.11,7.3723,31940608,6639
100000,1,off,pan,55,2.1228,2.0498,7.3723,31940608,6643
100000,1,off,pan,56,3.0113,2.9292,7.3723,31940608,6647
100000,1,off,pan,57,2.3211,2.2353,7.3723,31940608,6636
100000,1,off,pan,58,2.6569,2.5761,7.3723,31940608,6647
100000,1,off,pan,59,2.3239,2.221,7.3723,31940608,6630
100000,1,off,pan,60,2.1961,2.1212,7.3723,31940608,6647
100000,1,off,pan,61,2.5558,2.4348,7.3723,31940608,6635
100000,1,off,pan,62,2.4297,2.1757,7.3723,31940608,6647
100000,1,off,pan,63,2.3762,2.3003,7.3723,31940608,6630
100000,1,off,pan,64,2.8376,2.738,7.3723,31940608,6647
100000,1,off,pan,65,2.727,2.6099,7.3723,31940608,6635
100000,1,off,pan,66,2.4243,2.2991,7.3723,31940608,6647
100000,1,off,pan,67,2.8311,2.7275,7.3723,31940608,6643
100000,1,off,pan,68,2.6269,2.3239,7.3723,31940608,6639
100000,1,off,pan,69,2.8855,2.7847,7.3723,31940608,6647
100000,1,off,pan,70,2.4099,2.2723,7.3723,31940608,6632
100000,1,off,pan,71,2.4267,2.3509,7.3723,31940608,6647
100000,1,off,pan,72,2.4624,2.3589,7.3723,31940608,6631
100000,1,off,pan,73,2.424,2.3069,7.3723,31940608,6647
100000,1,off,pan,74,2.1811,2.1084,7.3723,31940608,6639
100000,1,off,pan,75,2.7573,2.6255,7.3723,31940608,6643
100000,1,off,pan,76,2.1706,2.0542,7.3723,31940608,6647
100000,1,off,pan,77,1.912,1.8441,7.3723,31940608,6636
100000,1,off,pan,78,3.0624,2.9678,7.3723,31940608,6647
100000,1,off,pan,79,2.7954,2.6352,7.3723,31940608,6630
100000,1,off,pan,80,2.5429,2.457,7.3723,31940608,6647
100000,1,off,pan,81,2.8966,2.7884,7.3723,31940608,6635
100000,1,off,pan,82,2.5195,2.2519,7.3723,31940608,6647
100000,1,off,pan,83,3.5887,3.493,7.3723,31940608,6630
100000,1,off,pan,84,2.6664,2.5117,7.3723,31940608,6647
100000,1,off,pan,85,2.4401,2.2781,7.3723,31940608,6635
100000,1,off,pan,86,3.0293,2.8987,7.3723,31940608,6647
100000,1,off,pan,87,2.4762,2.3759,7.3723,31940608,6643
100000,1,off,pan,88,2.5926,2.4524,7.3723,31940608,6639
100000,1,off,pan,89,2.0621,1.9355,7.3723,31940608,6647
100000,1,off,pan,90,2.1626,2.0498,7.3723,31940608,6632
100000,1,off,pan,91,2.2908,2.1564,7.3723,31940608,6647
100000,1,off,pan,92,2.1096,1.9773,7.3723,31940608,6631
100000,1,off,pan,93,2.1962,2.0772,7.3723,31940608,6647
100000,1,off,pan,94,2.339,2.1886,7.3723,31940608,6639
100000,1,off,pan,95,2.3111,2.1664,7.3723,31940608,6643
100000,1,off,pan,96,2.0944,1.9836,7.3723,31940608,6647
100000,1,off,pan,97,2.3568,2.2072,7.3723,31940608,6636
100000,1,off,pan,98,2.3547,2.2234,7.3723,31940608,6647
100000,1,off,pan,99,2.0508,1.9348,7.3723,31940608,6630
100000,1,off,pan,100,2.3601,2.2038,7.3723,31940608,6647
100000,1,off,pan,101,2.3626,2.1958,7.3723,31940608,6635
100000,1,off,pan,102,2.0663,1.955,7.3723,31940608,6647
100000,1,off,pan,103,2.2284,2.0906,7.3723,31940608,6630
100000,1,off,pan,104,2.0723,1.9601,7.3723,31940608,6647
100000,1,off,pan,105,2.0586,1.9475,7.3723,31940608,6635
100000,1,off,pan,106,2.2022,2.0892,7.3723,31940608,6647
100000,1,off,pan,107,2.1584,2.0336,7.3723,31940608,6643
100000,1,off,pan,108,2.0469,1.9342,7.3723,31940608,6639
100000,1,off,pan,109,2.1239,2.0125,7.3723,31940608,6647
100000,1,off,pan,110,2.1037,1.9922,7.3723,31940608,6632
100000,1,off,pan,111,2.0509,1.9423,7.3723,31940608,6647
100000,1,off,pan,112,2.0696,1.9611,7.3723,31940608,6631
100000,1,off,pan,113,2.1121,1.9743,7.3723,31940608,6647
100000,1,off,pan,114,2.0553,1.9452,7.3723,31940608,6639
100000,1,off,pan,115,2.0738,1.965,7.3723,31940608,6643
100000,1,off,pan,116,2.2573,2.1447,7.3723,31940608,6647
100000,1,off,pan,117,2.1682,2.0428,7.3723,31940608,6636
100000,1,off,pan,118,2.0489,1.9338,7.3723,31940608,6647
100000,1,off,pan,119,2.2288,2.1184,7.3723,31940608,6630
100000,1,off,hover,0,8.266,7.803,7.3723,31940608,26571
100000,1,off,hover,1,7.5698,7.2324,7.3723,31940608,26571
100000,1,off,hover,2,7.5713,6.9263,7.3723,31940608,26571
100000,1,off,hover,3,7.157,6.8646,7.3723,31940608,26571
100000,1,off,hover,4,7.3419,7.0652,7.3723,31940608,26571
100000,1,off,hover,5,7.4899,7.2175,7.3723,31940608,26571
100000,1,off,hover,6,6.9932,6.7474,7.3723,31940608,26571
100000,1,off,hover,7,8.0247,7.7729,7.3723,31940608,26571
100000,1,off,hover,8,7.3133,7.1294,7.3723,31940608,26571
100000,1,off,hover,9,8.1183,7.9373,7.3723,31940608,26571
100000,1,off,hover,10,8.3154,8.081,7.3723,31940608,26571
100000,1,off,hover,11,6.7519,6.5819,7.3723,31940608,26571
100000,1,off,hover,12,7.3345,7.078,7.3723,31940608,26571
100000,1,off,hover,13,7.0074,6.7524,7.3723,31940608,26571
100000,1,off,hover,14,7.1643,6.9078,7.3723,31940608,26571
100000,1,off,hover,15,7.1969,6.927,7.3723,31940608,26571
100000,1,off,hover,16,7.1,6.8498,7.3723,31940608,26571
100000,1,off,hover,17,7.4032,7.1561,7.3723,31940608,26571
100000,1,off,hover,18,7.0221,6.78,7.3723,31940608,26571
100000,1,off,hover,19,7.6769,7.418,7.3723,31940608,26571
100000,1,off,hover,20,7.9378,7.3108,7.3723,31940608,26571
100000,1,off,hover,21,7.7645,7.5955,7.3723,31940608,26571
100000,1,off,hover,22,8.6896,8.5155,7.3723,31940608,26571
100000,1,off,hover,23,6.7114,6.5431,7.3723,31940608,26571
100000,1,off,hover,24,7.1183,6.8673,7.3723,31940608,26571
100000,1,off,hover,25,7.1757,6.9234,7.3723,31940608,26571
100000,1,off,hover,26,7.1326,6.8876,7.3723,31940608,26571
100000,1,off,hover,27,7.7878,7.5379,7.3723,31940608,26571
100000,1,off,hover,28,7.2272,6.9038,7.3723,31940608,26571
100000,1,off,hover,29,7.2145,6.9649,7.3723,31940608,26571
100000,1,off,hover,30,7.2056,6.935,7.3723,31940608,26571
100000,1,off,hover,31,7.2824,7.0221,7.3723,31940608,26571
100000,1,off,hover,32,7.6722,7.4045,7.3723,31940608,26571
100000,1,off,hover,33,7.1981,6.9341,7.3723,31940608,26571
100000,1,off,hover,34,7.1898,6.9306,7.3723,31940608,26571
100000,1,off,hover,35,7.31,7.06,7.3723,31940608,26571
100000,1,off,hover,36,7.1826,6.9223,7.3723,31940608,26571
100000,1,off,hover,37,7.9007,7.6466,7.3723,31940608,26571
100000,1,off,hover,38,7.2093,6.9403,7.3723,31940608,26571
100000,1,off,hover,39,7.2998,7.0298,7.3723,31940608,26571
100000,1,off,hover,40,7.1588,6.9139,7.3723,31940608,26571
100000,1,off,hover,41,7.2742,7.0304,7.3723,31940608,26571
100000,1,off,hover,42,8.1229,7.8729,7.3723,31940608,26571
100000,1,off,hover,43,7.2786,6.9844,7.3723,31940608,26571
100000,1,off,hover,44,7.5548,7.299,7.3723,31940608,26571
100000,1,off,hover,45,7.2561,6.9753,7.3723,31940608,26571
100000,1,off,hover,46,7.4125,7.154,7.3723,31940608,26571
100000,1,off,hover,47,7.6328,7.3696,7.3723,31940608,26571
100000,1,off,hover,48,7.2915,7.0437,7.3723,31940608,26571
100000,1,off,hover,49,7.7347,7.4267,7.3723,31940608,26571
100000,1,off,hover,50,7.5514,7.2227,7.3723,31940608,26571
100000,1,off,hover,51,7.8237,7.6391,7.3723,31940608,26571
100000,1,off,hover,52,8.3462,8.1602,7.3723,31940608,26571
100000,1,off,hover,53,7.3852,7.1329,7.3723,31940608,26571
100000,1,off,hover,54,7.3075,7.0145,7.3723,31940608,26571
100000,1,off,hover,55,7.5106,7.2379,7.3723,31940608,26571
100000,1,off,hover,56,7.3713,7.1142,7.3723,31940608,26571
100000,1,off,hover,57,7.804,7.5261,7.3723,31940608,26571
100000,1,off,hover,58,7.8254,7.5165,7.3723,31940608,26571
100000,1,off,hover,59,7.7645,7.4388,7.3723,31940608,26571
100000,1,off,hover,60,8.3804,8.0337,7.3723,31940608,26571
100000,1,off,hover,61,7.5002,7.1388,7.3723,31940608,26571
100000,1,off,hover,62,7.8197,7.5575,7.3723,31940608,26571
100000,1,off,hover,63,6.9788,6.7148,7.3723,31940608,26571
100000,1,off,hover,64,7.3935,7.1554,7.3723,31940608,26571
100000,1,off,hover,65,7.3634,7.0798,7.3723,31940608,26571
100000,1,off,hover,66,7.6854,7.3483,7.3723,31940608,26571
100000,1,off,hover,67,7.9908,7.6391,7.3723,31940608,26571
100000,1,off,hover,68,7.5092,7.1688,7.3723,31940608,26571
100000,1,off,hover,69,7.0538,6.7851,7.3723,31940608,26571
100000,1,off,hover,70,7.1506,6.903,7.3723,31940608,26571
100000,1,off,hover,71,7.5695,7.3125,7.3723,31940608,26571
100000,1,off,hover,72,7.6172,7.3649,7.3723,31940608,26571
100000,1,off,hover,73,7.6483,7.3675,7.3723,31940608,26571
100000,1,off,hover,74,7.1625,6.8864,7.3723,31940608,26571
100000,1,off,hover,75,7.0268,6.7574,7.3723,31940608,26571
100000,1,off,hover,76,7.0878,6.8328,7.3723,31940608,26571
100000,1,off,hover,77,8.163,7.906,7.3723,31940608,26571
100000,1,off,hover,78,7.9819,7.6045,7.3723,31940608,26571
100000,1,off,hover,79,8.1847,7.7461,7.3723,31940608,26571
100000,1,off,hover,80,8.0627,7.6498,7.3723,31940608,26571
100000,1,off,hover,81,7.5525,6.9156,7.3723,31940608,26571
100000,1,off,hover,82,7.9471,7.4184,7.3723,31940608,26571
100000,1,off,hover,83,7.1835,6.8837,7.3723,31940608,26571
100000,1,off,hover,84,7.3532,7.0532,7.3723,31940608,26571
100000,1,off,hover,85,8.9906,8.7214,7.3723,31940608,26571
100000,1,off,hover,86,8.7871,8.2857,7.3723,31940608,26571
100000,1,off,hover,87,7.8009,7.5601,7.3723,31940608,26571
100000,1,off,hover,88,7.7123,7.4076,7.3723,31940608,26571
100000,1,off,hover,89,7.3206,7.0342,7.3723,31940608,26571
100000,1,off,hover,90,7.2952,6.976,7.3723,31940608,26571
100000,1,off,hover,91,7.6337,7.3742,7.3723,31940608,26571
100000,1,off,hover,92,7.6494,7.3824,7.3723,31940608,26571
100000,1,off,hover,93,7.0159,6.7489,7.3723,31940608,26571
100000,1,off,hover,94,7.4668,7.1747,7.3723,31940608,26571
100000,1,off,hover,95,7.4037,7.0382,7.3723,31940608,26571
100000,1,off,hover,96,7.4099,7.0364,7.3723,31940608,26571
100000,1,off,hover,97,7.6738,7.3953,7.3723,31940608,26571
100000,1,off,hover,98,7.3211,7.0429,7.3723,31940608,26571
100000,1,off,hover,99,7.0978,6.8265,7.3723,31940608,26571
100000,1,off,hover,100,7.1827,6.8781,7.3723,31940608,26571
100000,1,off,hover,101,7.3758,7.0971,7.3723,31940608,26571
100000,1,off,hover,102,7.479,7.1862,7.3723,31940608,26571
100000,1,off,hover,103,7.3476,6.8336,7.3723,31940608,26571
100000,1,off,hover,104,7.2226,6.9324,7.3723,31940608,26571
100000,1,off,hover,105,7.3753,7.08,7.3723,31940608,26571
100000,1,off,hover,106,7.0163,6.7587,7.3723,31940608,26571
100000,1,off,hover,107,7.4535,7.2133,7.3723,31940608,26571
100000,1,off,hover,108,6.9865,6.712,7.3723,31940608,26571
100000,1,off,hover,109,7.2187,6.9416,7.3723,31940608,26571
100000,1,off,hover,110,8.1488,6.9575,7.3723,31940608,26571
100000,1,off,hover,111,7.1831,6.8889,7.3723,31940608,26571
100000,1,off,hover,112,7.4329,7.1768,7.3723,31940608,26571
100000,1,off,hover,113,7.1241,6.8831,7.3723,31940608,26571
100000,1,off,hover,114,7.246,7.0088,7.3723,31940608,26571
100000,1,off,hover,115,8.8314,8.4201,7.3723,31940608,26571
100000,1,off,hover,116,7.3641,7.1611,7.3723,31940608,26571
100000,1,off,hover,117,7.2959,7.151,7.3723,31940608,26571
100000,1,off,hover,118,7.0112,6.75,7.3723,31940608,26571
100000,1,off,hover,119,7.0755,6.81,7.3723,31940608,26571
100000,2,off,zoom,0,5.9227,5.7634,7.3723,31940608,21250
100000,2,off,zoom,1,7.407,7.2743,7.3723,31940608,26571
100000,2,off,zoom,2,5.9687,5.8146,7.3723,31940608,21250
100000,2,off,zoom,3,6.9782,6.849,7.3723,31940608,26571
100000,2,off,zoom,4,6.0964,5.9597,7.3723,31940608,21250
100000,2,off,zoom,5,8.4856,8.3296,7.3723,31940608,26571
100000,2,off,zoom,6,7.1202,6.9812,7.3723,31940608,21250
100000,2,off,zoom,7,8.9484,8.8282,7.3723,31940608,26571
100000,2,off,zoom,8,6.2649,6.1272,7.3723,31940608,21250
100000,2,off,zoom,9,6.7402,6.6537,7.3723,31940608,26571
100000,2,off,zoom,10,6.0205,5.8956,7.3723,31940608,21250
100000,2,off,zoom,11,7.0337,6.9048,7.3723,31940608,26571
100000,2,off,zoom,12,6.0466,5.918,7.3723,31940608,21250
100000,2,off,zoom,13,7.6673,7.5334,7.3723,31940608,26571
100000,2,off,zoom,14,5.9143,5.7787,7.3723,31940608,21250
100000,2,off,zoom,15,7.6161,7.4861,7.3723,31940608,26571
100000,2,off,zoom,16,6.3707,6.1758,7.3723,31940608,21250
100000,2,off,zoom,17,7.8038,7.7181,7.3723,31940608,26571
100000,2,off,zoom,18,6.0435,5.9387,7.3723,31940608,21250
100000,2,off,zoom,19,8.2282,8.1332,7.3723,31940608,26571
100000,2,off,zoom,20,5.9621,5.8183,7.3723,31940608,21250
100000,2,off,zoom,21,6.7258,6.5909,7.3723,31940608,26571
100000,2,off,zoom,22,6.1251,5.9809,7.3723,31940608,21250
100000,2,off,zoom,23,6.9804,6.8427,7.3723,31940608,26571
100000,2,off,zoom,24,6.1896,6.0467,7.3723,31940608,21250
100000,2,off,zoom,25,6.8484,6.7065,7.3723,31940608,26571
100000,2,off,zoom,26,5.6312,5.4934,7.3723,31940608,21250
100000,2,off,zoom,27,8.2917,8.1354,7.3723,31940608,26571
100000,2,off,zoom,28,6.6241,6.5031,7.3723,31940608,21250
100000,2,off,zoom,29,7.4936,7.2505,7.3723,31940608,26571
100000,2,off,zoom,30,5.7718,5.6202,7.3723,31940608,21250
100000,2,off,zoom,31,6.5361,6.4119,7.3723,31940608,26571
100000,2,off,zoom,32,5.7887,5.6618,7.3723,31940608,21250
100000,2,off,zoom,33,7.0472,6.9241,7.3723,31940608,26571
100000,2,off,zoom,34,5.6554,5.5196,7.3723,31940608,21250
100000,2,off,zoom,35,7.4557,7.222,7.3723,31940608,26571
100000,2,off,zoom,36,6.1069,5.8691,7.3723,31940608,21250
100000,2,off,zoom,37,7.7084,7.6283,7.3723,31940608,26571
100000,2,off,zoom,38,6.6293,6.5424,7.3723,31940608,21250
100000,2,off,zoom,39,6.6669,6.5395,7.3723,31940608,26571
100000,2,off,zoom,40,5.6593,5.5313,7.3723,31940608,21250
100000,2,off,zoom,41,6.4658,6.3345,7.3723,31940608,26571
100000,2,off,zoom,42,5.8737,5.7298,7.3723,31940608,21250
100000,2,off,zoom,43,6.6362,6.4963,7.3723,31940608,26571
100000,2,off,zoom,44,5.7713,5.6271,7.3723,31940608,21250
100000,2,off,zoom,45,6.8827,6.7506,7.3723,31940608,26571
100000,2,off,zoom,46,5.8361,5.6968,7.3723,31940608,21250
100000,2,off,zoom,47,7.3605,7.2077,7.3723,31940608,26571
100000,2,off,zoom,48,6.9698,6.8302,7.3723,31940608,21250
100000,2,off,zoom,49,7.8103,7.6845,7.3723,31940608,26571
100000,2,off,zoom,50,6.3616,6.1832,7.3723,31940608,21250
100000,2,off,zoom,51,7.5738,7.364,7.3723,31940608,26571
100000,2,off,zoom,52,6.2137,5.9103,7.3723,31940608,21250
100000,2,off,zoom,53,8.3,8.0839,7.3723,31940608,26571
100000,2,off,zoom,54,6.5425,6.2819,7.3723,31940608,21250
100000,2,off,zoom,55,7.4664,7.2301,7.3723,31940608,26571
100000,2,off,zoom,56,6.8405,6.6405,7.3723,31940608,21250
100000,2,off,zoom,57,7.7784,7.5338,7.3723,31940608,26571
100000,2,off,zoom,58,6.5954,6.4034,7.3723,31940608,21250
100000,2,off,zoom,59,7.7284,7.5522,7.3723,31940608,26571
100000,2,off,zoom,60,6.4716,6.2396,7.3723,31940608,21250
100000,2,off,zoom,61,7.229,7.0479,7.3723,31940608,26571
100000,2,off,zoom,62,6.4046,6.2276,7.3723,31940608,21250
100000,2,off,zoom,63,6.7537,6.586,7.3723,31940608,26571
100000,2,off,zoom,64,5.5802,5.3845,7.3723,31940608,21250
100000,2,off,zoom,65,7.523,7.3078,7.3723,31940608,26571
100000,2,off,zoom,66,6.1691,5.9289,7.3723,31940608,21250
100000,2,off,zoom,67,6.7547,6.4882,7.3723,31940608,26571
100000,2,off,zoom,68,6.003,5.8164,7.3723,31940608,21250
100000,2,off,zoom,69,8.1162,7.8023,7.3723,31940608,26571
100000,2,off,zoom,70,5.7062,5.4662,7.3723,31940608,21250
100000,2,off,zoom,71,7.6726,7.4859,7.3723,31940608,26571
100000,2,off,zoom,72,6.3742,6.1382,7.3723,31940608,21250
100000,2,off,zoom,73,6.9207,6.6454,7.3723,31940608,26571
100000,2,off,zoom,74,6.9209,6.7087,7.3723,31940608,21250
100000,2,off,zoom,75,7.2381,6.9578,7.3723,31940608,26571
100000,2,off,zoom,76,5.5018,5.3095,7.3723,31940608,21250
100000,2,off,zoom,77,7.2625,7.0732,7.3723,31940608,26571
100000,2,off,zoom,78,6.2479,6.0297,7.3723,31940608,21250
100000,2,off,zoom,79,6.944,6.7517,7.3723,31940608,26571
100000,2,off,zoom,80,6.2991,6.1088,7.3723,31940608,21250
100000,2,off,zoom,81,7.0669,6.873,7.3723,31940608,26571
100000,2,off,zoom,82,5.7196,5.5213,7.3723,31940608,21250
100000,2,off,zoom,83,7.4405,7.2667,7.3723,31940608,26571
100000,2,off,zoom,84,6.3413,6.0924,7.3723,31940608,21250
100000,2,off,zoom,85,6.9611,6.7576,7.3723,31940608,26571
100000,2,off,zoom,86,6.5959,6.3847,7.3723,31940608,21250
100000,2,off,zoom,87,7.5268,7.3054,7.3723,31940608,26571
100000,2,off,zoom,88,6.0937,5.8848,7.3723,31940608,21250
100000,2,off,zoom,89,7.9993,7.8049,7.3723,31940608,26571
100000,2,off,zoom,90,5.8081,5.6012,7.3723,31940608,21250
100000,2,off,zoom,91,7.2557,7.0639,7.3723,31940608,26571
100000,2,off,zoom,92,7.4215,7.1998,7.3723,31940608,21250
100000,2,off,zoom,93,8.4885,8.2295,7.3723,31940608,26571
100000,2,off,zoom,94,8.1102,7.8131,7.3723,31940608,21250
100000,2,off,zoom,95,7.9283,7.6586,7.3723,31940608,26571
100000,2,off,zoom,96,7.1484,6.8561,7.3723,31940608,21250
100000,2,off,zoom,97,8.9468,8.5296,7.3723,31940608,26571
100000,2,off,zoom,98,7.5861,7.3734,7.3723,31940608,21250
100000,2,off,zoom,99,7.2557,7.0357,7.3723,31940608,26571
100000,2,off,zoom,100,8.2343,7.9211,7.3723,31940608,21250
100000,2,off,zoom,101,8.9569,8.7548,7.3723,31940608,26571
100000,2,off,zoom,102,6.8675,6.6204,7.3723,31940608,21250
100000,2,off,zoom,103,8.3048,8.0734,7.3723,31940608,26571
100000,2,off,zoom,104,9.2234,8.7329,7.3723,31940608,21250
100000,2,off,zoom,105,8.6635,8.3691,7.3723,31940608,26571
100000,2,off,zoom,106,7.7728,7.4446,7.3723,31940608,21250
100000,2,off,zoom,107,9.1157,8.8142,7.3723,31940608,26571
100000,2,off,zoom,108,7.5126,7.2369,7.3723,31940608,21250
100000,2,off,zoom,109,8.5754,8.3282,7.3723,31940608,26571
100000,2,off,zoom,110,7.5922,7.3265,7.3723,31940608,21250
100000,2,off,zoom,111,7.6696,7.4777,7.3723,31940608,26571
100000,2,off,zoom,112,7.4848,7.2616,7.3723,31940608,21250
100000,2,off,zoom,113,8.0954,7.8458,7.3723,31940608,26571
100000,2,off,zoom,114,7.2969,6.9907,7.3723,31940608,21250
100000,2,off,zoom,115,8.4924,8.1703,7.3723,31940608,26571
100000,2,off,zoom,116,7.3983,7.1631,7.3723,31940608,21250
100000,2,off,zoom,117,7.8412,7.6035,7.3723,31940608,26571
100000,2,off,zoom,118,6.5129,6.276,7.3723,31940608,21250
100000,2,off,zoom,119,7.4911,7.2435,7.3723,31940608,26571
100000,2,off,pan,0,2.3359,2.169,7.3723,31940608,6647
100000,2,off,pan,1,2.2457,2.0931,7.3723,31940608,6635
100000,2,off,pan,2,2.174,2.0377,7.3723,31940608,6647
100000,2,off,pan,3,2.266,2.1136,7.3723,31940608,6630
100000,2,off,pan,4,2.2506,2.106,7.3723,31940608,6647
100000,2,off,pan,5,2.2464,2.1022,7.3723,31940608,6635
100000,2,off,pan,6,2.175,2.0188,7.3723,31940608,6647
100000,2,off,pan,7,2.1877,2.025,7.3723,31940608,6643
100000,2,off,pan,8,2.0727,1.9484,7.3723,31940608,6639
100000,2,off,pan,9,2.1641,2.0405,7.3723,31940608,6647
100000,2,off,pan,10,2.0498,1.9374,7.3723,31940608,6632
100000,2,off,pan,11,2.5432,2.416,7.3723,31940608,6647
100000,2,off,pan,12,2.7913,2.6933,7.3723,31940608,6631
100000,2,off,pan,13,2.6042,2.4873,7.3723,31940608,6647
100000,2,off,pan,14,2.3538,2.2607,7.3723,31940608,6639
100000,2,off,pan,15,2.8336,2.6594,7.3723,31940608,6643
100000,2,off,pan,16,2.1804,2.04,7.3723,31940608,6647
100000,2,off,pan,17,2.2005,2.0772,7.3723,31940608,6636
100000,2,off,pan,18,2.1426,2.0217,7.3723,31940608,6647
100000,2,off,pan,19,2.2001,2.076,7.3723,31940608,6630
100000,2,off,pan,20,2.2019,2.0821,7.3723,31940608,6647
100000,2,off,pan,21,2.1219,1.9982,7.3723,31940608,6635
100000,2,off,pan,22,2.1007,1.9836,7.3723,31940608,6647
100000,2,off,pan,23,2.1085,1.9833,7.3723,31940608,6630
100000,2,off,pan,24,2.2992,2.1529,7.3723,31940608,6647
100000,2,off,pan,25,2.163,2.0345,7.3723,31940608,6635
100000,2,off,pan,26,2.1662,2.0536,7.3723,31940608,6647
100000,2,off,pan,27,2.1175,2.0067,7.3723,31940608,6643
100000,2,off,pan,28,2.3173,2.1929,7.3723,31940608,6639
100000,2,off,pan,29,2.0919,1.9649,7.3723,31940608,6647
100000,2,off,pan,30,2.37,2.2388,7.3723,31940608,6632
100000,2,off,pan,31,2.4836,2.3408,7.3723,31940608,6647
100000,2,off,pan,32,3.1663,2.9935,7.3723,31940608,6631
100000,2,off,pan,33,2.7525,2.5087,7.3723,31940608,6647
100000,2,off,pan,34,2.2053,2.0782,7.3723,31940608,6639
100000,2,off,pan,35,2.1794,2.0563,7.3723,31940608,6643
100000,2,off,pan,36,2.3076,2.1666,7.3723,31940608,6647
100000,2,off,pan,37,2.5216,2.3812,7.3723,31940608,6636
100000,2,off,pan,38,2.2532,2.1009,7.3723,31940608,6647
100000,2,off,pan,39,2.1619,2.0451,7.3723,31940608,6630
100000,2,off,pan,40,2.1752,2.0561,7.3723,31940608,6647
100000,2,off,pan,41,2.5997,2.4237,7.3723,31940608,6635
100000,2,off,pan,42,2.883,2.679,7.3723,31940608,6647
100000,2,off,pan,43,2.2941,2.1265,7.3723,31940608,6630
100000,2,off,pan,44,2.4577,2.2863,7.3723,31940608,6647
100000,2,off,pan,45,2.3633,2.2058,7.3723,31940608,6635
100000,2,off,pan,46,2.2141,2.0983,7.3723,31940608,6647
100000,2,off,pan,47,2.2634,2.1315,7.3723,31940608,6643
100000,2,off,pan,48,2.6834,2.5128,7.3723,31940608,6639
100000,2,off,pan,49,2.2794,2.1399,7.3723,31940608,6647
100000,2,off,pan,50,2.5014,2.352,7.3723,31940608,6632
100000,2,off,pan,51,2.3458,2.1565,7.3723,31940608,6647
100000,2,off,pan,52,2.073,1.9594,7.3723,31940608,6631
100000,2,off,pan,53,2.161,2.0421,7.3723,31940608,6647
100000,2,off,pan,54,2.412,2.2826,7.3723,31940608,6639
100000,2,off,pan,55,2.1442,1.9985,7.3723,31940608,6643
100000,2,off,pan,56,2.1277,2.0128,7.3723,31940608,6647
100000,2,off,pan,57,2.2308,2.1162,7.3723,31940608,6636
100000,2,off,pan,58,2.2168,2.1042,7.3723,31940608,6647
100000,2,off,pan,59,2.4965,2.3798,7.3723,31940608,6630
100000,2,off,pan,60,2.5817,2.4521,7.3723,31940608,6647
100000,2,off,pan,61,2.9943,2.7507,7.3723,31940608,6635
100000,2,off,pan,62,2.2722,2.1335,7.3723,31940608,6647
100000,2,off,pan,63,2.329,2.1796,7.3723,31940608,6630
100000,2,off,pan,64,2.2893,2.1607,7.3723,31940608,6647
100000,2,off,pan,65,2.5641,2.4281,7.3723,31940608,6635
100000,2,off,pan,66,2.3356,2.0657,7.3723,31940608,6647
100000,2,off,pan,67,2.309,2.1625,7.3723,31940608,6643
100000,2,off,pan,68,2.7345,2.5826,7.3723,31940608,6639
100000,2,off,pan,69,2.4851,2.2671,7.3723,31940608,6647
100000,2,off,pan,70,2.3281,2.0556,7.3723,31940608,6632
100000,2,off,pan,71,2.7542,2.6205,7.3723,31940608,6647
100000,2,off,pan,72,2.433,2.2267,7.3723,31940608,6631
100000,2,off,pan,73,2.2684,2.1179,7.3723,31940608,6647
100000,2,off,pan,74,2.8335,2.6999,7.3723,31940608,6639
100000,2,off,pan,75,2.4242,2.2201,7.3723,31940608,6643
100000,2,off,pan,76,2.31,2.1853,7.3723,31940608,6647
100000,2,off,pan,77,2.0811,1.9475,7.3723,31940608,6636
100000,2,off,pan,78,2.5735,2.4425,7.3723,31940608,6647
100000,2,off,pan,79,2.3881,2.2023,7.3723,31940608,6630
100000,2,off,pan,80,2.1753,2.0287,7.3723,31940608,6647
100000,2,off,pan,81,2.2503,2.1183,7.3723,31940608,6635
100000,2,off,pan,82,3.1296,2.976,7.3723,31940608,6647
100000,2,off,pan,83,2.2902,2.1635,7.3723,31940608,6630
100000,2,off,pan,84,2.2859,2.0659,7.3723,31940608,6647
100000,2,off,pan,85,2.2907,2.1693,7.3723,31940608,6635
100000,2,off,pan,86,2.3938,2.2707,7.3723,31940608,6647
100000,2,off,pan,87,2.4383,2.2814,7.3723,31940608,6643
100000,2,off,pan,88,2.2382,2.1013,7.3723,31940608,6639
100000,2,off,pan,89,2.2726,2.1463,7.3723,31940608,6647
100000,2,off,pan,90,2.621,2.4834,7.3723,31940608,6632
100000,2,off,pan,91,2.1389,1.9894,7.3723,31940608,6647
100000,2,off,pan,92,2.276,2.1346,7.3723,31940608,6631
100000,2,off,pan,93,2.308,2.171,7.3723,31940608,6647
100000,2,off,pan,94,2.4274,2.2846,7.3723,31940608,6639
100000,2,off,pan,95,2.9058,2.6381,7.3723,31940608,6643
100000,2,off,pan,96,2.2503,2.1026,7.3723,31940608,6647
100000,2,off,pan,97,2.4703,2.2771,7.3723,31940608,6636
100000,2,off,pan,98,2.3121,2.1459,7.3723,31940608,6647
100000,2,off,pan,99,3.0675,2.8757,7.3723,31940608,6630
100000,2,off,pan,100,2.8315,2.6594,7.3723,31940608,6647
100000,2,off,pan,101,2.5102,2.3207,7.3723,31940608,6635
100000,2,off,pan,102,2.8077,2.6678,7.3723,31940608,6647
100000,2,off,pan,103,2.6688,2.4559,7.3723,31940608,6630
100000,2,off,pan,104,2.3897,2.2449,7.3723,31940608,6647
100000,2,off,pan,105,2.5024,2.273,7.3723,31940608,6635
100000,2,off,pan,106,2.4995,2.3272,7.3723,31940608,6647
100000,2,off,pan,107,2.2677,2.1046,7.3723,31940608,6643
100000,2,off,pan,108,2.3551,2.2049,7.3723,31940608,6639
100000,2,off,pan,109,2.4179,2.2832,7.3723,31940608,6647
100000,2,off,pan,110,2.9078,2.7362,7.3723,31940608,6632
100000,2,off,pan,111,2.7453,2.5425,7.3723,31940608,6647
100000,2,off,pan,112,2.5361,2.3527,7.3723,31940608,6631
100000,2,off,pan,113,2.4869,2.33,7.3723,31940608,6647
100000,2,off,pan,114,2.5119,2.3387,7.3723,31940608,6639
100000,2,off,pan,115,2.764,2.5935,7.3723,31940608,6643
100000,2,off,pan,116,2.3038,2.166,7.3723,31940608,6647
100000,2,off,pan,117,2.5107,2.3659,7.3723,31940608,6636
100000,2,off,pan,118,2.55,2.3933,7.3723,31940608,6647
100000,2,off,pan,119,2.4203,2.2716,7.3723,31940608,6630
100000,2,off,hover,0,9.045,8.4221,7.3723,31940608,26571
100000,2,off,hover,1,8.8322,8.4537,7.3723,31940608,26571
100000,2,off,hover,2,9.9698,9.4041,7.3723,31940608,26571
100000,2,off,hover,3,7.6693,7.2541,7.3723,31940608,26571
100000,2,off,hover,4,7.3159,7.0027,7.3723,31940608,26571
100000,2,off,hover,5,7.4541,7.1279,7.3723,31940608,26571
100000,2,off,hover,6,7.1194,6.7832,7.3723,31940608,26571
100000,2,off,hover,7,7.3869,6.9307,7.3723,31940608,26571
100000,2,off,hover,8,7.327,6.8425,7.3723,31940608,26571
100000,2,off,hover,9,7.5342,7.2917,7.3723,31940608,26571
100000,2,off,hover,10,8.9448,8.7246,7.3723,31940608,26571
100000,2,off,hover,11,7.0349,6.7179,7.3723,31940608,26571
100000,2,off,hover,12,6.6678,6.3337,7.3723,31940608,26571
100000,2,off,hover,13,7.263,6.9553,7.3723,31940608,26571
100000,2,off,hover,14,7.1173,6.7676,7.3723,31940608,26571
100000,2,off,hover,15,7.6353,7.3445,7.3723,31940608,26571
100000,2,off,hover,16,6.9129,6.6428,7.3723,31940608,26571
100000,2,off,hover,17,7.2194,6.9542,7.3723,31940608,26571
100000,2,off,hover,18,7.639,7.2643,7.3723,31940608,26571
100000,2,off,hover,19,7.4691,7.1566,7.3723,31940608,26571
100000,2,off,hover,20,8.0223,7.6726,7.3723,31940608,26571
100000,2,off,hover,21,6.9808,6.7092,7.3723,31940608,26571
100000,2,off,hover,22,6.7426,6.446,7.3723,31940608,26571
100000,2,off,hover,23,9.1785,8.8685,7.3723,31940608,26571
100000,2,off,hover,24,8.2675,7.9825,7.3723,31940608,26571
100000,2,off,hover,25,9.1331,8.9248,7.3723,31940608,26571
100000,2,off,hover,26,7.4605,7.147,7.3723,31940608,26571
100000,2,off,hover,27,6.8817,6.5886,7.3723,31940608,26571
100000,2,off,hover,28,7.3143,7.0037,7.3723,31940608,26571
100000,2,off,hover,29,7.6671,6.7844,7.3723,31940608,26571
100000,2,off,hover,30,8.0785,7.757,7.3723,31940608,26571
100000,2,off,hover,31,7.4747,6.7386,7.3723,31940608,26571
100000,2,off,hover,32,9.0803,8.3014,7.3723,31940608,26571
100000,2,off,hover,33,8.6856,8.1565,7.3723,31940608,26571
100000,2,off,hover,34,9.055,7.9323,7.3723,31940608,26571
100000,2,off,hover,35,8.9631,8.5199,7.3723,31940608,26571
100000,2,off,hover,36,8.9325,7.9632,7.3723,31940608,26571
100000,2,off,hover,37,8.4844,7.7711,7.3723,31940608,26571
100000,2,off,hover,38,8.9337,8.0358,7.3723,31940608,26571
100000,2,off,hover,39,8.5089,7.8156,7.3723,31940608,26571
100000,2,off,hover,40,9.5541,9.0794,7.3723,31940608,26571
100000,2,off,hover,41,9.0105,8.3367,7.3723,31940608,26571
100000,2,off,hover,42,7.7461,7.3661,7.3723,31940608,26571
100000,2,off,hover,43,8.3315,7.4928,7.3723,31940608,26571
100000,2,off,hover,44,9.6104,8.4081,7.3723,31940608,26571
100000,2,off,hover,45,8.0294,7.6322,7.3723,31940608,26571
100000,2,off,hover,46,9.6992,7.6302,7.3723,31940608,26571
100000,2,off,hover,47,7.7736,7.4069,7.3723,31940608,26571
100000,2,off,hover,48,8.1083,7.5387,7.3723,31940608,26571
100000,2,off,hover,49,9.4511,9.1094,7.3723,31940608,26571
100000,2,off,hover,50,8.1485,7.1844,7.3723,31940608,26571
100000,2,off,hover,51,7.4946,7.1342,7.3723,31940608,26571
100000,2,off,hover,52,7.1121,6.7916,7.3723,31940608,26571
100000,2,off,hover,53,7.4737,7.1727,7.3723,31940608,26571
100000,2,off,hover,54,8.7283,8.0957,7.3723,31940608,26571
100000,2,off,hover,55,7.8454,7.4889,7.3723,31940608,26571
100000,2,off,hover,56,7.4237,7.1033,7.3723,31940608,26571
100000,2,off,hover,57,7.6148,7.2358,7.3723,31940608,26571
100000,2,off,hover,58,7.6939,6.9178,7.3723,31940608,26571
100000,2,off,hover,59,8.3292,7.9758,7.3723,31940608,26571
100000,2,off,hover,60,7.4461,7.0456,7.3723,31940608,26571
100000,2,off,hover,61,8.0861,7.6667,7.3723,31940608,26571
100000,2,off,hover,62,7.8873,7.2746,7.3723,31940608,26571
100000,2,off,hover,63,7.7834,7.3804,7.3723,31940608,26571
100000,2,off,hover,64,8.9026,8.5748,7.3723,31940608,26571
100000,2,off,hover,65,7.6392,7.2844,7.3723,31940608,26571
100000,2,off,hover,66,8.4719,7.691,7.3723,31940608,26571
100000,2,off,hover,67,7.7134,7.3305,7.3723,31940608,26571
100000,2,off,hover,68,8.4687,7.8947,7.3723,31940608,26571
100000,2,off,hover,69,9.1953,8.6029,7.3723,31940608,26571
100000,2,off,hover,70,11.0089,9.6473,7.3723,31940608,26571
100000,2,off,hover,71,10.3516,9.046,7.3723,31940608,26571
100000,2,off,hover,72,8.9616,8.3073,7.3723,31940608,26571
100000,2,off,hover,73,8.6664,8.1963,7.3723,31940608,26571
100000,2,off,hover,74,9.7479,9.0666,7.3723,31940608,26571
100000,2,off,hover,75,9.137,8.6518,7.3723,31940608,26571
100000,2,off,hover,76,9.4716,8.7253,7.3723,31940608,26571
100000,2,off,hover,77,8.6935,8.3073,7.3723,31940608,26571
100000,2,off,hover,78,9.2326,8.6908,7.3723,31940608,26571
100000,2,off,hover,79,9.8525,8.9662,7.3723,31940608,26571
100000,2,off,hover,80,11.4326,10.4648,7.3723,31940608,26571
100000,2,off,hover,81,8.187,7.5745,7.3723,31940608,26571
100000,2,off,hover,82,8.0369,7.6541,7.3723,31940608,26571
100000,2,off,hover,83,8.554,8.1718,7.3723,31940608,26571
100000,2,off,hover,84,9.8552,8.9474,7.3723,31940608,26571
100000,2,off,hover,85,8.2797,7.5281,7.3723,31940608,26571
100000,2,off,hover,86,7.5816,7.2445,7.3723,31940608,26571
100000,2,off,hover,87,7.4223,7.1002,7.3723,31940608,26571
100000,2,off,hover,88,7.717,7.3828,7.3723,31940608,26571
100000,2,off,hover,89,9.0968,8.7226,7.3723,31940608,26571
100000,2,off,hover,90,8.0344,7.5509,7.3723,31940608,26571
100000,2,off,hover,91,7.6885,7.2822,7.3723,31940608,26571
100000,2,off,hover,92,7.7766,7.4293,7.3723,31940608,26571
100000,2,off,hover,93,7.8041,7.247,7.3723,31940608,26571
100000,2,off,hover,94,8.3776,8.0222,7.3723,31940608,26571
100000,2,off,hover,95,8.9746,8.1606,7.3723,31940608,26571
100000,2,off,hover,96,8.8705,8.3729,7.3723,31940608,26571
100000,2,off,hover,97,7.7494,7.495,7.3723,31940608,26571
100000,2,off,hover,98,7.4075,7.1027,7.3723,31940608,26571
100000,2,off,hover,99,6.9955,6.7134,7.3723,31940608,26571
100000,2,off,hover,100,6.7264,6.3744,7.3723,31940608,26571
100000,2,off,hover,101,7.6386,7.154,7.3723,31940608,26571
100000,2,off,hover,102,6.9892,6.7048,7.3723,31940608,26571
100000,2,off,hover,103,7.5687,7.3046,7.3723,31940608,26571
100000,2,off,hover,104,8.5863,7.2959,7.3723,31940608,26571
100000,2,off,hover,105,7.1475,6.8224,7.3723,31940608,26571
100000,2,off,hover,106,7.392,7.0589,7.3723,31940608,26571
100000,2,off,hover,107,8.3177,7.8901,7.3723,31940608,26571
100000,2,off,hover,108,7.9618,7.57,7.3723,31940608,26571
100000,2,off,hover,109,7.9029,7.523,7.3723,31940608,26571
100000,2,off,hover,110,8.3829,7.9928,7.3723,31940608,26571
100000,2,off,hover,111,8.4278,8.015,7.3723,31940608,26571
100000,2,off,hover,112,7.1827,6.7996,7.3723,31940608,26571
100000,2,off,hover,113,7.4884,7.1992,7.3723,31940608,26571
100000,2,off,hover,114,7.4416,7.1267,7.3723,31940608,26571
100000,2,off,hover,115,7.2335,6.9205,7.3723,31940608,26571
100000,2,off,hover,116,7.7371,7.3984,7.3723,31940608,26571
100000,2,off,hover,117,7.2102,6.8648,7.3723,31940608,26571
100000,2,off,hover,118,7.3937,7.0336,7.3723,31940608,26571
100000,2,off,hover,119,7.2715,6.9695,7.3723,31940608,26571
100000,2,on,zoom,0,6.4207,6.2319,7.3723,31940608,21250
100000,2,on,zoom,1,7.1651,7.0042,7.3723,31997952,26571
100000,2,on,zoom,2,6.2203,6.0282,7.3723,31997952,21250
100000,2,on,zoom,3,7.5612,7.3586,7.3723,31997952,26571
100000,2,on,zoom,4,6.0587,5.8871,7.3723,31997952,21250
100000,2,on,zoom,5,6.7678,6.5999,7.3723,31997952,26571
100000,2,on,zoom,6,6.4567,6.2838,7.3723,31997952,21250
100000,2,on,zoom,7,7.0726,6.9039,7.3723,31997952,26571
100000,2,on,zoom,8,5.8151,5.6342,7.3723,31997952,21250
100000,2,on,zoom,9,7.2918,7.129,7.3723,31997952,26571
100000,2,on,zoom,10,6.0444,5.8692,7.3723,31997952,21250
100000,2,on,zoom,11,6.718,6.4958,7.3723,31997952,26571
100000,2,on,zoom,12,5.9564,5.8121,7.3723,31997952,21250
100000,2,on,zoom,13,7.4785,7.3089,7.3723,31997952,26571
100000,2,on,zoom,14,5.5733,5.3968,7.3723,31997952,21250
100000,2,on,zoom,15,7.5322,7.3787,7.3723,31997952,26571
100000,2,on,zoom,16,6.0093,5.7743,7.3723,31997952,21250
100000,2,on,zoom,17,6.7507,6.6013,7.3723,31997952,26571
100000,2,on,zoom,18,6.1986,6.0503,7.3723,31997952,21250
100000,2,on,zoom,19,7.1118,6.9551,7.3723,31997952,26571
100000,2,on,zoom,20,5.9418,5.7908,7.3723,31997952,21250
100000,2,on,zoom,21,7.021,6.8508,7.3723,31997952,26571
100000,2,on,zoom,22,5.9163,5.7345,7.3723,31997952,21250
100000,2,on,zoom,23,6.9272,6.6869,7.3723,31997952,26571
100000,2,on,zoom,24,5.949,5.7729,7.3723,32120832,21250
100000,2,on,zoom,25,7.388,7.2224,7.3723,32260096,26571
100000,2,on,zoom,26,5.5347,5.3336,7.3723,32260096,21250
100000,2,on,zoom,27,8.2367,8.0795,7.3723,32260096,26571
100000,2,on,zoom,28,7.6251,7.4466,7.3723,32260096,21250
100000,2,on,zoom,29,8.5696,8.4125,7.3723,32260096,26571
100000,2,on,zoom,30,8.6262,8.3893,7.3723,32260096,21250
100000,2,on,zoom,31,8.7261,8.431,7.3723,32260096,26571
100000,2,on,zoom,32,6.1595,5.9612,7.3723,32260096,21250
100000,2,on,zoom,33,7.7993,7.6241,7.3723,32260096,26571
100000,2,on,zoom,34,6.1524,5.9734,7.3723,32268288,21250
100000,2,on,zoom,35,8.2961,8.1156,7.3723,32514048,26571
100000,2,on,zoom,36,6.3372,6.1355,7.3723,32636928,21250
100000,2,on,zoom,37,7.9194,7.7617,7.3723,32636928,26571
100000,2,on,zoom,38,6.936,6.712,7.3723,32645120,21250
100000,2,on,zoom,39,8.5558,8.3443,7.3723,32645120,26571
100000,2,on,zoom,40,7.1108,6.9139,7.3723,32653312,21250
100000,2,on,zoom,41,7.612,7.4281,7.3723,32653312,26571
100000,2,on,zoom,42,6.4224,6.2305,7.3723,32653312,21250
100000,2,on,zoom,43,7.5392,7.342,7.3723,32653312,26571
100000,2,on,zoom,44,7.0493,6.7748,7.3723,32653312,21250
100000,2,on,zoom,45,8.3245,7.9776,7.3723,32653312,26571
100000,2,on,zoom,46,8.0767,7.9217,7.3723,32653312,21250
100000,2,on,zoom,47,7.7141,7.3306,7.3723,32653312,26571
100000,2,on,zoom,48,6.3559,6.1594,7.3723,32653312,21250
100000,2,on,zoom,49,7.4742,7.3056,7.3723,32653312,26571
100000,2,on,zoom,50,6.2255,6.0022,7.3723,32653312,21250
100000,2,on,zoom,51,7.741,7.5295,7.3723,32653312,26571
100000,2,on,zoom,52,6.8133,6.5798,7.3723,32653312,21250
100000,2,on,zoom,53,7.538,7.2999,7.3723,32653312,26571
100000,2,on,zoom,54,6.3799,6.1671,7.3723,32653312,21250
100000,2,on,zoom,55,7.9534,7.6332,7.3723,32653312,26571
100000,2,on,zoom,56,7.3839,6.9899,7.3723,32661504,21250
100000,2,on,zoom,57,9.4157,9.1437,7.3723,32661504,26571
100000,2,on,zoom,58,7.4803,7.2827,7.3723,32661504,21250
100000,2,on,zoom,59,7.7854,7.6131,7.3723,32661504,26571
100000,2,on,zoom,60,6.4912,6.3111,7.3723,32661504,21250
100000,2,on,zoom,61,8.2898,8.0868,7.3723,32661504,26571
100000,2,on,zoom,62,6.3816,6.1066,7.3723,32661504,21250
100000,2,on,zoom,63,7.8462,7.6447,7.3723,32661504,26571
100000,2,on,zoom,64,7.8282,7.5316,7.3723,32661504,21250
100000,2,on,zoom,65,7.9162,7.6341,7.3723,32661504,26571
100000,2,on,zoom,66,6.4845,6.2843,7.3723,32661504,21250
100000,2,on,zoom,67,7.3911,7.1956,7.3723,32661504,26571
100000,2,on,zoom,68,6.3463,6.1484,7.3723,32661504,21250
100000,2,on,zoom,69,7.8588,7.6886,7.3723,32661504,26571
100000,2,on,zoom,70,7.2309,6.9957,7.3723,32665600,21250
100000,2,on,zoom,71,7.9159,7.6739,7.3723,32665600,26571
100000,2,on,zoom,72,6.1569,5.9793,7.3723,32665600,21250
100000,2,on,zoom,73,7.7324,7.5748,7.3723,32665600,26571
100000,2,on,zoom,74,6.5969,6.4146,7.3723,32665600,21250
100000,2,on,zoom,75,7.2558,7.0879,7.3723,32665600,26571
100000,2,on,zoom,76,7.326,7.1376,7.3723,32665600,21250
100000,2,on,zoom,77,7.4367,7.2585,7.3723,32665600,26571
100000,2,on,zoom,78,6.611,6.4478,7.3723,32665600,21250
100000,2,on,zoom,79,7.5905,7.403,7.3723,32665600,26571
100000,2,on,zoom,80,6.3233,6.1554,7.3723,32665600,21250
100000,2,on,zoom,81,7.9096,7.7361,7.3723,32665600,26571
100000,2,on,zoom,82,7.3371,7.1282,7.3723,32665600,21250
100000,2,on,zoom,83,7.2539,7.0538,7.3723,32665600,26571
100000,2,on,zoom,84,6.2457,6.0792,7.3723,32665600,21250
100000,2,on,zoom,85,7.3416,7.1722,7.3723,32665600,26571
100000,2,on,zoom,86,6.0685,5.9159,7.3723,32665600,21250
100000,2,on,zoom,87,7.2427,7.1006,7.3723,32665600,26571
100000,2,on,zoom,88,6.9172,6.7678,7.3723,32665600,21250
100000,2,on,zoom,89,7.042,6.9008,7.3723,32665600,26571
100000,2,on,zoom,90,5.9959,5.8618,7.3723,32665600,21250
100000,2,on,zoom,91,7.2179,7.0671,7.3723,32665600,26571
100000,2,on,zoom,92,5.8879,5.7553,7.3723,32665600,21250
100000,2,on,zoom,93,7.122,6.9868,7.3723,32665600,26571
100000,2,on,zoom,94,6.6118,6.4206,7.3723,32665600,21250
100000,2,on,zoom,95,6.9344,6.7851,7.3723,32665600,26571
100000,2,on,zoom,96,6.3553,6.2038,7.3723,32665600,21250
100000,2,on,zoom,97,8.0399,7.87,7.3723,32665600,26571
100000,2,on,zoom,98,5.949,5.7369,7.3723,32665600,21250
100000,2,on,zoom,99,7.1921,7.0085,7.3723,32665600,26571
100000,2,on,zoom,100,6.8071,6.6534,7.3723,32665600,21250
100000,2,on,zoom,101,6.916,6.7373,7.3723,32665600,26571
100000,2,on,zoom,102,6.0011,5.842,7.3723,32665600,21250
100000,2,on,zoom,103,6.769,6.6154,7.3723,32665600,26571
100000,2,on,zoom,104,5.5122,5.3764,7.3723,32665600,21250
100000,2,on,zoom,105,6.9221,6.7909,7.3723,32665600,26571
100000,2,on,zoom,106,5.9104,5.7727,7.3723,32665600,21250
100000,2,on,zoom,107,6.4325,6.2962,7.3723,32665600,26571
100000,2,on,zoom,108,5.8695,5.7384,7.3723,32665600,21250
100000,2,on,zoom,109,6.8441,6.6993,7.3723,32665600,26571
100000,2,on,zoom,110,5.3912,5.2602,7.3723,32665600,21250
100000,2,on,zoom,111,6.8135,6.688,7.3723,32665600,26571
100000,2,on,zoom,112,6.0401,5.9084,7.3723,32665600,21250
100000,2,on,zoom,113,6.5625,6.4243,7.3723,32665600,26571
100000,2,on,zoom,114,5.9287,5.7842,7.3723,32665600,21250
100000,2,on,zoom,115,6.8097,6.6758,7.3723,32665600,26571
100000,2,on,zoom,116,5.4931,5.3542,7.3723,32665600,21250
100000,2,on,zoom,117,6.815,6.693,7.3723,32665600,26571
100000,2,on,zoom,118,6.0354,5.9131,7.3723,32665600,21250
100000,2,on,zoom,119,6.3489,6.2187,7.3723,32665600,26571
100000,2,on,pan,0,1.9002,1.787,7.3723,32665600,6647
100000,2,on,pan,1,2.1864,2.0664,7.3723,32665600,6635
100000,2,on,pan,2,2.0977,1.9778,7.3723,32665600,6647
100000,2,on,pan,3,2.0226,1.9125,7.3723,32665600,6630
100000,2,on,pan,4,2.0667,1.9563,7.3723,32665600,6647
100000,2,on,pan,5,2.0754,1.9639,7.3723,32665600,6635
100000,2,on,pan,6,2.109,1.9857,7.3723,32665600,6647
100000,2,on,pan,7,2.0689,1.9568,7.3723,32665600,6643
100000,2,on,pan,8,2.053,1.9404,7.3723,32665600,6639
100000,2,on,pan,9,2.1182,1.9967,7.3723,32665600,6647
100000,2,on,pan,10,2.3004,2.128,7.3723,32665600,6632
100000,2,on,pan,11,2.0193,1.9091,7.3723,32665600,6647
100000,2,on,pan,12,2.0707,1.9606,7.3723,32665600,6631
100000,2,on,pan,13,2.0662,1.9562,7.3723,32665600,6647
100000,2,on,pan,14,2.0601,1.9433,7.3723,32665600,6639
100000,2,on,pan,15,2.0608,1.9508,7.3723,32665600,6643
100000,2,on,pan,16,2.0585,1.9443,7.3723,32665600,6647
100000,2,on,pan,17,2.1025,1.992,7.3723,32665600,6636
100000,2,on,pan,18,2.0576,1.9463,7.3723,32665600,6647
100000,2,on,pan,19,2.0445,1.9337,7.3723,32665600,6630
100000,2,on,pan,20,2.06,1.9504,7.3723,32665600,6647
100000,2,on,pan,21,2.0508,1.9415,7.3723,32665600,6635
100000,2,on,pan,22,2.0271,1.9158,7.3723,32665600,6647
100000,2,on,pan,23,2.0525,1.9399,7.3723,32665600,6630
100000,2,on,pan,24,2.0731,1.9563,7.3723,32665600,6647
100000,2,on,pan,25,2.0535,1.9343,7.3723,32665600,6635
100000,2,on,pan,26,2.0422,1.9332,7.3723,32665600,6647
100000,2,on,pan,27,2.042,1.9325,7.3723,32665600,6643
100000,2,on,pan,28,2.0483,1.9382,7.3723,32665600,6639
100000,2,on,pan,29,2.0579,1.9494,7.3723,32665600,6647
100000,2,on,pan,30,2.0494,1.9396,7.3723,32665600,6632
100000,2,on,pan,31,2.0636,1.9531,7.3723,32665600,6647
100000,2,on,pan,32,2.1002,1.9775,7.3723,32665600,6631
100000,2,on,pan,33,2.0649,1.9461,7.3723,32665600,6647
100000,2,on,pan,34,2.0357,1.9268,7.3723,32665600,6639
100000,2,on,pan,35,2.0453,1.9371,7.3723,32665600,6643
100000,2,on,pan,36,2.0157,1.9056,7.3723,32665600,6647
100000,2,on,pan,37,2.0175,1.9087,7.3723,32665600,6636
100000,2,on,pan,38,2.0436,1.935,7.3723,32665600,6647
100000,2,on,pan,39,2.037,1.9273,7.3723,32665600,6630
100000,2,on,pan,40,2.0764,1.9667,7.3723,32665600,6647
100000,2,on,pan,41,2.0636,1.9502,7.3723,32665600,6635
100000,2,on,pan,42,2.0484,1.9367,7.3723,32665600,6647
100000,2,on,pan,43,2.0657,1.9385,7.3723,32665600,6630
100000,2,on,pan,44,2.0484,1.9391,7.3723,32665600,6647
100000,2,on,pan,45,2.0491,1.9358,7.3723,32665600,6635
100000,2,on,pan,46,2.0486,1.9363,7.3723,32665600,6647
100000,2,on,pan,47,2.0491,1.9385,7.3723,32665600,6643
100000,2,on,pan,48,2.0454,1.9358,7.3723,32665600,6639
100000,2,on,pan,49,2.05,1.9405,7.3723,32665600,6647
100000,2,on,pan,50,2.0479,1.9365,7.3723,32665600,6632
100000,2,on,pan,51,2.0825,1.9688,7.3723,32665600,6647
100000,2,on,pan,52,2.057,1.9441,7.3723,32665600,6631
100000,2,on,pan,53,2.1096,1.9952,7.3723,32665600,6647
100000,2,on,pan,54,2.058,1.9393,7.3723,32665600,6639
100000,2,on,pan,55,2.0515,1.9413,7.3723,32665600,6643
100000,2,on,pan,56,2.123,2.0102,7.3723,32665600,6647
100000,2,on,pan,57,2.0622,1.9456,7.3723,32665600,6636
100000,2,on,pan,58,2.0547,1.9456,7.3723,32665600,6647
100000,2,on,pan,59,2.0603,1.9432,7.3723,32665600,6630
100000,2,on,pan,60,2.0277,1.9182,7.3723,32665600,6647
100000,2,on,pan,61,2.0558,1.9463,7.3723,32665600,6635
100000,2,on,pan,62,2.048,1.9381,7.3723,32665600,6647
100000,2,on,pan,63,2.0513,1.9372,7.3723,32665600,6630
100000,2,on,pan,64,2.0467,1.9357,7.3723,32665600,6647
100000,2,on,pan,65,2.046,1.9365,7.3723,32665600,6635
100000,2,on,pan,66,2.0484,1.9381,7.3723,32665600,6647
100000,2,on,pan,67,2.0469,1.9375,7.3723,32665600,6643
100000,2,on,pan,68,2.0426,1.9321,7.3723,32665600,6639
100000,2,on,pan,69,2.038,1.9279,7.3723,32665600,6647
100000,2,on,pan,70,2.0237,1.9122,7.3723,32665600,6632
100000,2,on,pan,71,2.1072,1.9851,7.3723,32665600,6647
100000,2,on,pan,72,2.0127,1.8977,7.3723,32665600,6631
100000,2,on,pan,73,2.0473,1.9313,7.3723,32665600,6647
100000,2,on,pan,74,2.0693,1.9492,7.3723,32665600,6639
100000,2,on,pan,75,2.0664,1.9526,7.3723,32665600,6643
100000,2,on,pan,76,2.0983,1.9876,7.3723,32665600,6647
100000,2,on,pan,77,2.2735,2.1527,7.3723,32665600,6636
100000,2,on,pan,78,2.1548,2.0296,7.3723,32665600,6647
100000,2,on,pan,79,2.424,2.3034,7.3723,32665600,6630
100000,2,on,pan,80,2.2907,2.1327,7.3723,32665600,6647
100000,2,on,pan,81,2.2951,2.0975,7.3723,32665600,6635
100000,2,on,pan,82,2.1435,2.0111,7.3723,32665600,6647
100000,2,on,pan,83,2.4625,2.3147,7.3723,32665600,6630
100000,2,on,pan,84,2.2834,2.145,7.3723,32665600,6647
100000,2,on,pan,85,2.1588,2.0381,7.3723,32665600,6635
100000,2,on,pan,86,2.5379,2.392,7.3723,32665600,6647
100000,2,on,pan,87,2.09,1.9721,7.3723,32665600,6643
100000,2,on,pan,88,2.2099,2.0868,7.3723,32665600,6639
100000,2,on,pan,89,2.1573,2.029,7.3723,32665600,6647
100000,2,on,pan,90,2.2036,2.0856,7.3723,32665600,6632
100000,2,on,pan,91,2.1115,2.0003,7.3723,32665600,6647
100000,2,on,pan,92,2.0674,1.9557,7.3723,32665600,6631
100000,2,on,pan,93,2.259,2.1407,7.3723,32665600,6647
100000,2,on,pan,94,2.137,2.0225,7.3723,32665600,6639
100000,2,on,pan,95,2.1837,2.0683,7.3723,32665600,6643
100000,2,on,pan,96,2.1046,1.9946,7.3723,32665600,6647
100000,2,on,pan,97,2.1387,2.0255,7.3723,32665600,6636
100000,2,on,pan,98,2.1684,2.0577,7.3723,32665600,6647
100000,2,on,pan,99,2.1055,1.9945,7.3723,32665600,6630
100000,2,on,pan,100,2.2803,2.1646,7.3723,32665600,6647
100000,2,on,pan,101,2.2696,2.1461,7.3723,32665600,6635
100000,2,on,pan,102,2.2037,2.0662,7.3723,32665600,6647
100000,2,on,pan,103,2.17,2.0431,7.3723,32665600,6630
100000,2,on,pan,104,2.2907,2.1742,7.3723,32665600,6647
100000,2,on,pan,105,2.6167,2.4922,7.3723,32665600,6635
100000,2,on,pan,106,2.4315,2.271,7.3723,32665600,6647
100000,2,on,pan,107,2.3718,2.2373,7.3723,32665600,6643
100000,2,on,pan,108,2.4587,2.3286,7.3723,32665600,6639
100000,2,on,pan,109,2.2277,2.087,7.3723,32665600,6647
100000,2,on,pan,110,2.2805,2.1577,7.3723,32665600,6632
100000,2,on,pan,111,2.5403,2.4125,7.3723,32665600,6647
100000,2,on,pan,112,2.3365,2.2092,7.3723,32665600,6631
100000,2,on,pan,113,2.5972,2.4128,7.3723,32665600,6647
100000,2,on,pan,114,2.6765,2.5031,7.3723,32665600,6639
100000,2,on,pan,115,2.8759,2.6644,7.3723,32665600,6643
100000,2,on,pan,116,2.8797,2.6325,7.3723,32665600,6647
100000,2,on,pan,117,2.5013,2.2946,7.3723,32665600,6636
100000,2,on,pan,118,2.5679,2.4178,7.3723,32665600,6647
100000,2,on,pan,119,2.6084,2.3612,7.3723,32665600,6630
100000,2,on,hover,0,5.9369,5.4545,7.3723,32665600,26571
100000,2,on,hover,1,5.8905,5.5568,7.3723,32665600,26571
100000,2,on,hover,2,5.865,5.5241,7.3723,32665600,26571
100000,2,on,hover,3,5.9382,5.5657,7.3723,32665600,26571
100000,2,on,hover,4,6.1488,5.6852,7.3723,32665600,26571
100000,2,on,hover,5,5.6904,5.4226,7.3723,32665600,26571
100000,2,on,hover,6,5.9329,5.6981,7.3723,32665600,26571
100000,2,on,hover,7,5.7673,5.5302,7.3723,32665600,26571
100000,2,on,hover,8,6.0214,5.7881,7.3723,32665600,26571
100000,2,on,hover,9,7.3032,7.1306,7.3723,32665600,26571
100000,2,on,hover,10,7.1711,6.9575,7.3723,32665600,26571
100000,2,on,hover,11,6.7227,6.4916,7.3723,32665600,26571
100000,2,on,hover,12,6.7151,6.5423,7.3723,32665600,26571
100000,2,on,hover,13,7.1571,6.9997,7.3723,32665600,26571
100000,2,on,hover,14,7.0832,6.8076,7.3723,32665600,26571
100000,2,on,hover,15,7.1988,6.9932,7.3723,32665600,26571
100000,2,on,hover,16,7.4761,7.247,7.3723,32665600,26571
100000,2,on,hover,17,6.9154,6.6557,7.3723,32665600,26571
100000,2,on,hover,18,6.1799,5.8119,7.3723,32665600,26571
100000,2,on,hover,19,5.6538,5.371,7.3723,32665600,26571
100000,2,on,hover,20,5.7163,5.4541,7.3723,32665600,26571
100000,2,on,hover,21,5.8031,5.5649,7.3723,32665600,26571
100000,2,on,hover,22,6.0999,5.8344,7.3723,32665600,26571
100000,2,on,hover,23,6.0435,5.7378,7.3723,32665600,26571
100000,2,on,hover,24,5.9608,5.6912,7.3723,32665600,26571
100000,2,on,hover,25,5.731,5.464,7.3723,32665600,26571
100000,2,on,hover,26,5.82,5.5688,7.3723,32665600,26571
100000,2,on,hover,27,5.5968,5.3356,7.3723,32665600,26571
100000,2,on,hover,28,5.6513,5.4196,7.3723,32665600,26571
100000,2,on,hover,29,5.6051,5.3878,7.3723,32665600,26571
100000,2,on,hover,30,5.5077,5.2795,7.3723,32665600,26571
100000,2,on,hover,31,5.658,5.4413,7.3723,32665600,26571
100000,2,on,hover,32,5.6188,5.3881,7.3723,32665600,26571
100000,2,on,hover,33,5.604,5.3882,7.3723,32665600,26571
100000,2,on,hover,34,5.5003,5.2856,7.3723,32665600,26571
100000,2,on,hover,35,5.6445,5.428,7.3723,32665600,26571
100000,2,on,hover,36,6.019,5.7888,7.3723,32665600,26571
100000,2,on,hover,37,5.8743,5.6139,7.3723,32665600,26571
100000,2,on,hover,38,7.8129,6.5891,7.3723,32665600,26571
100000,2,on,hover,39,6.0731,5.6328,7.3723,32665600,26571
100000,2,on,hover,40,6.019,5.683,7.3723,32665600,26571
100000,2,on,hover,41,5.9928,5.6004,7.3723,32665600,26571
100000,2,on,hover,42,6.175,5.8957,7.3723,32665600,26571
100000,2,on,hover,43,7.7506,7.2926,7.3723,32665600,26571
100000,2,on,hover,44,8.0893,6.2887,7.3723,32665600,26571
100000,2,on,hover,45,6.0551,5.6551,7.3723,32665600,26571
100000,2,on,hover,46,6.2354,5.8473,7.3723,32665600,26571
100000,2,on,hover,47,5.9167,5.6072,7.3723,32665600,26571
100000,2,on,hover,48,6.9478,6.0157,7.3723,32665600,26571
100000,2,on,hover,49,7.1146,6.7923,7.3723,32665600,26571
100000,2,on,hover,50,6.894,5.9325,7.3723,32665600,26571
100000,2,on,hover,51,6.2468,5.92,7.3723,32665600,26571
100000,2,on,hover,52,6.4219,6.0979,7.3723,32665600,26571
100000,2,on,hover,53,6.3908,6.0643,7.3723,32665600,26571
100000,2,on,hover,54,6.9232,5.9092,7.3723,32665600,26571
100000,2,on,hover,55,6.5485,6.1525,7.3723,32665600,26571
100000,2,on,hover,56,6.8017,6.4696,7.3723,32665600,26571
100000,2,on,hover,57,6.9024,6.3468,7.3723,32665600,26571
100000,2,on,hover,58,7.0179,6.64,7.3723,32665600,26571
100000,2,on,hover,59,7.1931,6.7947,7.3723,32665600,26571
100000,2,on,hover,60,6.7698,6.4164,7.3723,32665600,26571
100000,2,on,hover,61,6.7046,6.2956,7.3723,32665600,26571
100000,2,on,hover,62,6.8322,6.3852,7.3723,32665600,26571
100000,2,on,hover,63,7.5548,7.0336,7.3723,32665600,26571
100000,2,on,hover,64,6.9233,6.3929,7.3723,32665600,26571
100000,2,on,hover,65,6.8123,6.4504,7.3723,32665600,26571
100000,2,on,hover,66,6.6623,6.3029,7.3723,32665600,26571
100000,2,on,hover,67,6.6098,6.1431,7.3723,32665600,26571
100000,2,on,hover,68,6.4698,6.095,7.3723,32665600,26571
100000,2,on,hover,69,6.7018,6.1227,7.3723,32665600,26571
100000,2,on,hover,70,6.487,5.7883,7.3723,32665600,26571
100000,2,on,hover,71,6.9739,6.4963,7.3723,32665600,26571
100000,2,on,hover,72,7.3415,6.9212,7.3723,32665600,26571
100000,2,on,hover,73,6.164,5.74,7.3723,32665600,26571
100000,2,on,hover,74,6.2091,5.8504,7.3723,32665600,26571
100000,2,on,hover,75,6.6959,6.227,7.3723,32665600,26571
100000,2,on,hover,76,6.0523,5.7497,7.3723,32665600,26571
100000,2,on,hover,77,6.5399,6.0266,7.3723,32665600,26571
100000,2,on,hover,78,8.7536,7.5463,7.3723,32665600,26571
100000,2,on,hover,79,7.5961,7.0911,7.3723,32665600,26571
100000,2,on,hover,80,6.7473,6.3817,7.3723,32665600,26571
100000,2,on,hover,81,7.2073,7.0182,7.3723,32665600,26571
100000,2,on,hover,82,7.0015,6.7949,7.3723,32665600,26571
100000,2,on,hover,83,6.4273,6.2666,7.3723,32665600,26571
100000,2,on,hover,84,6.708,6.504,7.3723,32665600,26571
100000,2,on,hover,85,6.4021,6.1905,7.3723,32665600,26571
100000,2,on,hover,86,6.9287,6.7769,7.3723,32665600,26571
100000,2,on,hover,87,7.5128,7.1673,7.3723,32665600,26571
100000,2,on,hover,88,6.6966,6.5276,7.3723,32665600,26571
100000,2,on,hover,89,6.8194,6.6545,7.3723,32665600,26571
100000,2,on,hover,90,6.5804,6.4326,7.3723,32665600,26571
100000,2,on,hover,91,6.3926,6.2386,7.3723,32665600,26571
100000,2,on,hover,92,6.5463,6.3866,7.3723,32665600,26571
100000,2,on,hover,93,6.1215,5.9743,7.3723,32665600,26571
100000,2,on,hover,94,6.2485,6.1052,7.3723,32665600,26571
100000,2,on,hover,95,6.2428,6.0972,7.3723,32665600,26571
100000,2,on,hover,96,6.2963,6.1456,7.3723,32665600,26571
100000,2,on,hover,97,6.3637,6.0449,7.3723,32665600,26571
100000,2,on,hover,98,5.4687,5.311,7.3723,32665600,26571
100000,2,on,hover,99,5.8441,5.5523,7.3723,32665600,26571
100000,2,on,hover,100,5.5789,5.3517,7.3723,32665600,26571
100000,2,on,hover,101,5.8271,5.5904,7.3723,32665600,26571
100000,2,on,hover,102,5.5542,5.3165,7.3723,32665600,26571
100000,2,on,hover,103,5.7989,5.5664,7.3723,32665600,26571
100000,2,on,hover,104,5.8147,5.5913,7.3723,32665600,26571
100000,2,on,hover,105,5.7518,5.5306,7.3723,32665600,26571
100000,2,on,hover,106,5.7461,5.5183,7.3723,32665600,26571
100000,2,on,hover,107,5.7231,5.494,7.3723,32665600,26571
100000,2,on,hover,108,5.5337,5.3135,7.3723,32665600,26571
100000,2,on,hover,109,5.7924,5.5723,7.3723,32665600,26571
100000,2,on,hover,110,6.0517,5.7806,7.3723,32665600,26571
100000,2,on,hover,111,5.85,5.5197,7.3723,32665600,26571
100000,2,on,hover,112,5.9235,5.6573,7.3723,32665600,26571
100000,2,on,hover,113,5.5567,5.3231,7.3723,32665600,26571
100000,2,on,hover,114,7.7372,7.1404,7.3723,32665600,26571
100000,2,on,hover,115,8.069,7.7411,7.3723,32665600,26571
100000,2,on,hover,116,6.7401,6.3679,7.3723,32665600,26571
100000,2,on,hover,117,5.645,5.2917,7.3723,32665600,26571
100000,2,on,hover,118,5.5896,5.3685,7.3723,32665600,26571
100000,2,on,hover,119,5.6736,5.4479,7.3723,32665600,26571
